sensitivity,include,target_lastauthor_year,academic_year,subfield,pub_year,log_p,log_sample,log_ratio_ss,change_platform,target_d_calc,stanford,open_data,open_mat,is_within,single_vignette,log_trials,predInt,p_orig,sub_rep
exp,stats,kim1999,2012-2013,social,-14.517045454545496,-8.064634728020954,4.330733340286331,-0.8967461358011849,1,0.4365620244029285,1,0,0,1,0,3.4011973816621555,1,0.2164640139646874,1
exp,stats,konkle2011,2022-2023,cognitive,-2.517045454545496,-300,3.091042453358316,0,0,5.416027914192069,0,0,0,1,0,2.772588722239781,0,0,1
exp,stats,catarino2015,2020-2021,other-psych,1.4829545454545041,-10.245380900780553,2.8903717578961645,-0.49247648509779407,1,1.4955043742274152,0,0,1,1,0,4.0943445622221,0,1.6581992048614325e-4,0
exp,stats,nook2017,2020-2021,other-psych,3.482954545454504,-25.65925904612164,4.672828834461906,-0.647477143726757,0,0.7453538330542065,0,0,0,1,0,4.0943445622221,0,0,0.75
exp,stats,jones2006,2012-2013,cognitive,-7.517045454545496,-26.64351571254725,4.0943445622221,-0.4307829160924542,1,1.1427739073805592,0,0,0,1,0,4.1588830833596715,0,0,1
exp,stats,ko2015,2015-2016,social,1.4829545454545041,-27.42362914783354,3.6888794541139363,-0.025317807984289897,1,1.2333988516585896,0,1,0,1,0,4.0943445622221,1,0.9649201616383043,1
exp,stats,vohs2013,2022-2023,social,0.4829545454545041,-4.911744164403589,4.465908118654584,0.32158362412746233,1,0.5960655313361601,0,0,1,0,1,0,0,0.002505595883913747,0
exp,stats,savani2010,2014-2015,social,-3.517045454545496,-8.664215697171835,4.852030263919617,-0.7088955375280844,1,1.457737973711325,1,0,0,0,1,0,0,1.73399954395137e-8,0
exp,stats,markant2014,2014-2015,cognitive,0.4829545454545041,-2.6035404208610538,3.4011973816621555,0.47000362924573563,1,0.4738876359701989,0,0,0,0,0,5.545177444479562,1,0.059670870592585024,1
exp,stats,yousif2019,2019-2020,cognitive,5.482954545454504,-4.997443198950286,5.480638923341991,-0.40546510810816444,0,0.5654238822924503,0,1,1,0,1,0,0,5.86471790897658e-5,0
exp,stats,lin2018,2019-2020,social,4.482954545454504,-23.219670500548588,4.406719247264253,-1.4622802680978126,0,0.8249234997791036,0,1,1,1,0,5.886104031450156,1,0.3016714962383644,1
exp,pred_int,mirault2018,2020-2021,cognitive,4.482954545454504,NA,4.543294782270004,-1.3652409519220583,1,NA,0,1,1,1,0,5.075173815233827,1,0.0799960097859509,1
exp,stats,metaxa-kakavouli2018,2020-2021,non-psych,4.482954545454504,-7.196738645230641,4.700480365792417,-0.11551288712184435,0,0.6617030369364411,1,0,0,0,1,0,1,0.3685340025893509,0.5
exp,stats,morris2008,2011-2012,cognitive,-5.517045454545496,-20.245433003719274,3.1780538303479458,0.377294231141468,1,2.0036922440074605,0,0,1,1,0,3.871201010907891,0,1.8348221329844705e-5,0
exp,stats,tieu2017,2016-2017,non-psych,3.482954545454504,-41.52804557108258,3.713572066704308,-0.7178397931503169,1,7.867381572035259,0,1,1,1,0,2.5649493574615367,1,0.9997111826056932,1
exp,stats,hart2018,2019-2020,cognitive,4.482954545454504,-18.86015712914997,4.605170185988092,-0.9942522733438669,0,0.6354,0,1,0,1,0,5.0106352940962555,0,0.001104422678190442,0.5
exp,stats,richter2012,2012-2013,cognitive,-1.5170454545454959,-3.980298665823849,2.8903717578961645,0.9162907318741551,1,0.6128258770283412,0,0,0,1,0,5.480638923341991,1,0.6372404405360899,0
exp,stats,scopelliti2015_1,2015-2016,other-psych,1.4829545454545041,-55.717356593758666,6.309918278226516,-1.4896367126214798,0,0.4624797802714829,0,0,1,0,1,0,0,9.638835285485925e-9,0
exp,stats,brown-iannuzzi2017_2,2019-2020,social,3.482954545454504,-79.67855945458697,5.43372200355424,-2.066426173567766,0,0.9830602258388389,0,1,1,1,1,0.6931471805599453,0,2.3184842934398375e-8,1
exp,stats,correll2007,2016-2017,non-psych,-6.517045454545496,0.6931471805599453,5.236441962829949,0.05182506786458595,1,0.8494115948805632,0,0,0,1,0,0.6931471805599453,0,0,0.25
exp,stats,kouchaki2018,2019-2020,social,4.482954545454504,0.6931471352302532,5.049856007249537,-0.2707325141380077,0,0.4507672388162117,0,1,0,0,1,0,0,1.781519354260297e-8,1
exp,stats,monin2008,2011-2012,social,-5.517045454545496,-29.98961739671907,4.204692619390966,0.11279549414534429,1,1.1582748962112348,1,0,0,0,1,0,0,4.440892098500626e-16,0
exp,stats,craig2014,2021-2022,social,0.4829545454545041,-15.486749380645966,5.135798437050262,-0.3995999886557664,0,0.41825095628565206,1,1,1,0,1,0,0,0.02839664236058015,0
exp,stats,sloman2016_1,2016-2017,cognitive,2.482954545454504,-1.5828649233836731,4.663439094112067,0.3991559389148996,0,0.12435462682474505,0,1,1,1,0,1.791759469228055,1,0.8720976262473479,1
exp,stats,henderson2008,2011-2012,social,-5.517045454545496,0.6931471761294522,4.812184355372417,-1.6766901394432678,1,0.5596755209901143,0,0,0,0,1,0,0,1.8663206767799423e-5,0
exp,stats,peer2022,2021-2022,other-psych,8.482954545454504,-143.31405019222447,6.214608098422191,-0.7550225842780328,0,0.8694376969591954,0,0,1,0,0,1.9459101490553132,0,0.012418183364391266,0.75
exp,pred_int,levine2020,2020-2021,cognitive,6.482954545454504,NA,6.410174881966167,-2.478349249241841,0,NA,0,0,1,0,0,0,1,0.27984067182986516,0.25
exp,pred_int,fischer2008,2011-2012,social,-5.517045454545496,NA,5.043425116919247,0.3272129112084162,1,NA,0,0,0,0,1,0,0,0.007686827392253237,0
exp,pred_int,rychlowska2017,2017-2018,other-psych,3.482954545454504,NA,4.290459441148391,-0.35863380842406534,0,NA,0,0,1,1,0,4.31748811353631,1,0.09131897838216885,1
no,pred_int,hernandez2021,2022-2023,social,7.482954545454504,NA,5.293304824724492,-0.38064993898844046,0,NA,0,0,1,0,1,0,1,0.41605991648101237,1
no,stats,goff2014,2018-2019,social,0.4829545454545041,-6.515260685111374,4.812184355372417,-0.9001613499442714,1,0.7271474265924345,0,0,0,0,0,1.791759469228055,0,0,0
no,pred_int,franke2016,2020-2021,non-psych,2.482954545454504,NA,3.9318256327243257,-0.060624621816434854,0,NA,1,1,1,1,0,4.189654742026425,0,9.258173726545138e-6,1
no,stats,brady2013,2014-2015,cognitive,-0.5170454545454959,-2.861141184747308,3.332204510175204,-1.540445040947149,1,0.7521493012883621,0,0,0,0,0,4.787491742782046,0,0.034418464715011865,0
no,stats,xu2015,2015-2016,cognitive,1.4829545454545041,-8.828223857624167,2.4849066497880004,0.9162907318741551,1,1.7066714015085835,0,0,0,1,0,5.19295685089021,0,0.0027059131041913265,0.75
no,stats,fu2014,2014-2015,social,0.4829545454545041,-4.209556163084424,4.762173934797756,-1.766441661243765,1,0.46137789849253874,1,0,0,0,1,0,0,0.021015552656118874,0
no,stats,jordan2017_1,2018-2019,other-psych,3.482954545454504,0.6931471532591678,6.111467339502679,-0.28842144401965963,0,0.2606611597550196,0,1,1,0,0,1.3862943611198906,0,0.03789132927975847,0.5
no,exp,daffner2000,2020-2021,cognitive,-13.517045454545496,NA,3.1780538303479458,0.5596157879354227,1,NA,0,0,0,1,0,6.620073206530356,NA,NA,0
no,exp,balas2006,2014-2015,cognitive,-7.517045454545496,NA,2.0794415416798357,3.6731310971457973,1,NA,0,0,0,1,0,7.67786350067821,NA,NA,0.5
NA,stats,zitek2012,2014-2015,social,-1.5170454545454959,0.15719733914631817,4.543294782270004,0.9497666610705446,1,0.022356441140367795,0,0,0,1,0,4.5217885770490405,1,0.9165260550690006,0
NA,stats,yang2018,2019-2020,other-psych,4.482954545454504,-46.27360040655657,3.871201010907891,-1.0379876668516748,0,1.4,0,1,1,1,0,0.6931471805599453,0,0.04947627620354855,1
NA,exp,dale2011,2012-2013,cognitive,-2.517045454545496,-4.730599014988395,4.0943445622221,-0.08701137698962981,0,0.1026369872172706,0,0,0,1,0,2.4849066497880004,1,0.5291755897337305,0.5
NA,stats,chopra2019,2021-2022,cognitive,5.482954545454504,0.6931471805599453,5.308267697401205,-2.3125354238472138,0,2.2677868380553634,1,1,1,1,0,1.6094379124341003,0,0,1
NA,exp,read2012,2014-2015,cognitive,-1.5170454545454959,NA,5.6240175061873385,0.052736296080943344,1,NA,0,0,0,0,0,2.1972245773362196,NA,NA,1
NA,exp,scopelliti2015_2,2017-2018,other-psych,1.4829545454545041,NA,5.017279836814924,-1.105256831386778,0,NA,0,1,1,0,1,0,NA,NA,1
NA,exp,sofer2015,2015-2016,social,1.4829545454545041,NA,3.871201010907891,0.68267588069265,1,NA,0,0,1,1,0,3.4965075614664802,NA,NA,0.5
NA,exp,oh2019,2020-2021,social,5.482954545454504,NA,3.4011973816621555,-0.10536051565782628,0,NA,0,1,1,1,0,5.298317366548036,NA,NA,1
NA,exp,porter_2016_1,2016-2017,social,2.482954545454504,NA,4.976733742420574,0.14723023698268461,0,NA,0,1,1,0,1,0,NA,NA,0
NA,exp,exline2008,2011-2012,social,-5.517045454545496,-5.963274695705095,5.043425116919247,-0.13815033848081718,0,0.49573343037052503,0,0,0,0,1,0,NA,NA,0
NA,exp,lau2008,2011-2012,social,-5.517045454545496,-3.878720272277699,3.58351893845611,0.08004270767353636,1,0.8089774066341064,0,0,0,0,1,2.0794415416798357,NA,NA,0
NA,exp,luttrell2019,2022-2023,social,5.482954545454504,-6.997140430291015,6.028278520230698,-2.1996371237416033,0,0.3290999789068739,0,1,1,0,1,0,NA,NA,0
NA,exp,ranzini2009,2014-2015,other-psych,-4.517045454545496,-2.7743273906879446,2.70805020110221,0.125163142954006,1,0.541162769282166,0,0,0,1,0,5.575949103146316,NA,NA,0
NA,exp,gong2019,2017-2018,social,5.482954545454504,-3.0638163735802344,5.043425116919247,-0.5436154465889815,1,0.17342037615479805,0,0,0,1,0,3.332204510175204,NA,NA,0
NA,stats,vankoningsbruggen2017,2020-2021,other-psych,3.482954545454504,-5.681695662428545,4.852030263919617,-0.8266785731844679,0,0.5276717729801358,0,1,1,0,0,4.0943445622221,0,1.4213424733133806e-4,0
NA,stats,lewis2015,2015-2016,social,1.4829545454545041,-4.938704786922198,4.804021044733257,0.03226086221822148,0,0.5062683994757052,0,0,1,0,1,0,0,6.963268184279059e-9,0.25
NA,exp,otto2014,2014-2015,cognitive,0.4829545454545041,NA,3.8066624897703196,0,1,NA,0,0,0,1,0,5.298317366548036,NA,NA,0.5
NA,stats,porter_2016_5,2018-2019,social,2.482954545454504,-5.551920238614602,4.976733742420574,-0.14045183546909645,0,0.5309907904212606,0,1,1,0,1,0,0,0.0010342641670972874,0
NA,pred_int,jara-ettinger2022,2022-2023,cognitive,8.482954545454504,NA,4.969813299576001,0.02061928720273561,0,NA,0,0,1,0,0,0,1,0.21862698614205822,0.5
NA,pred_int,libby2009,2012-2013,cognitive,-4.517045454545496,-7.455014381544257,5.147494476813453,-0.7530453221410143,1,2.857883832488648,0,0,0,0,0,2.302585092994046,1,0.055927783638130224,1
NA,pred_int,hopkins2016,2019-2020,cognitive,2.482954545454504,NA,4.990432586778736,-0.4578330936254803,0,NA,0,1,1,0,0,2.4849066497880004,1,0.7191980154641187,0
NA,exp,risen2008,2011-2012,social,-5.517045454545496,-3.125603940169226,4.787491742782046,0.6330432564902398,1,0.3750706148203228,0,0,0,0,1,0,NA,NA,0
NA,pred_int,sherman2012,2012-2013,social,-1.5170454545454959,NA,4.804021044733257,0.11595988109486838,1,NA,0,0,0,1,0,4.969813299576001,1,0.37109336952269745,0.5
NA,pred_int,jakesch2019,2019-2020,non-psych,5.482954545454504,NA,4.68213122712422,0.018349138668196617,0,NA,0,1,1,1,0,2.302585092994046,1,0.38258675885921556,0.25
NA,pred_int,minson2020,2020-2021,non-psych,6.482954545454504,NA,5.7899601708972535,-1.420512318430232,0,NA,0,1,1,0,1,0,0,0.03062574000295215,0
NA,pred_int,rogers2017,2019-2020,social,3.482954545454504,NA,5.043425116919247,-0.019544596072970283,0,NA,0,0,1,0,1,0,1,0.9938201547834005,1
NA,pred_int,petersen2017,2018-2019,social,3.482954545454504,NA,6.396929655216146,-0.9852836033611064,0,NA,0,1,1,0,0,2.0794415416798357,1,0.9243924334507949,0
NA,pred_int,zangger2020,2022-2023,non-psych,6.482954545454504,NA,6.29156913955832,-0.7701082216960736,1,NA,0,0,0,0,1,0,1,0.07363827012030244,1
NA,pred_int,tworek2016_1,2016-2017,cognitive,2.482954545454504,NA,4.718498871295094,0.1941560144409574,0,NA,0,1,1,1,0,2.4849066497880004,1,0.21930403766708984,1
NA,pred_int,huntingtonklein2018,2022-2023,non-psych,4.482954545454504,NA,6.182084906716632,-1.5571120934323606,1,NA,0,0,0,1,0,1.791759469228055,1,0.8272093495267347,0.5
NA,pred_int,shavit2022,2022-2023,other-psych,8.482954545454504,NA,6.318968113746434,-1.3083328196501787,1,NA,1,0,1,0,1,0,1,0.11528382153921046,0
NA,pred_int,djärv2017,2022-2023,non-psych,4.482954545454504,NA,4.127134385045092,-0.03278982282299084,1,NA,0,0,0,1,0,3.1780538303479458,1,0.8641920740201081,1
NA,stats,gray2014,2012-2013,social,0.4829545454545041,-4.7150657617599645,5.10594547390058,-0.12921173148000623,0,0.4144624724921359,0,0,0,0,1,0,0,0,0
NA,stats,payne2008,2018-2019,other-psych,-5.517045454545496,-6.544123681549227,3.871201010907891,-0.7357067949787413,1,0.978945010372561,0,0,0,0,0,5.2574953720277815,1,0.09654894447980533,0
NA,stats,cao2019,2020-2021,social,5.482954545454504,-40.15862992981014,5.8522024797744745,-2.268683541318364,0,0.9888394552241998,0,1,1,0,1,0,1,0.6704386271405358,1
NA,stats,semrow2020,2019-2020,social,6.482954545454504,-11.802295404610444,4.61512051684126,0.029270382300113237,1,0.4779847149806174,0,1,1,1,1,0.6931471805599453,0,4.548369614276737e-8,0.75
NA,stats,zhao2016,2017-2018,cognitive,2.482954545454504,-9.189100028329745,3.091042453358316,-0.45198512374305727,1,1.0419761445034554,0,0,0,1,0,5.768320995793772,1,0.23240624253543984,0.75
NA,stats,long2017,2019-2020,cognitive,3.482954545454504,-6.31425608403563,2.772588722239781,0,1,0.9763879010584541,1,1,1,1,0,6.173786103901937,1,0.9178636210080988,1
NA,exp,greene2008,2012-2013,cognitive,-5.517045454545496,-5.3153407722866275,4.406719247264253,-1.1878434223960523,1,0.36760731104690386,0,0,1,1,0,3.6888794541139363,NA,NA,0
NA,stats,sheppes2011,2021-2022,other-psych,-2.517045454545496,-13.468285021388098,2.995732273553991,-0.16251892949777494,1,1.5818044326521197,1,0,0,1,0,3.4011973816621555,0,0.004855833864463088,1
NA,stats,forwood2013,2014-2015,social,-0.5170454545454959,-3.442880474519387,6.063785208687608,-2.480266270231498,0,0.20681238499327131,0,0,0,0,1,0,0,4.125309756308759e-5,1
NA,stats,mani2013,2021-2022,non-psych,-0.5170454545454959,-5.098713546975818,4.61512051684126,-0.8084580270709397,1,0.5635386034476765,0,0,0,0,0,1.3862943611198906,0,0.033153109753034204,0
NA,stats,okeefe2018,2020-2021,social,4.482954545454504,-4.942167164497968,4.948759890378168,-0.6446947971739986,0,0.23335071190061868,1,1,1,1,1,0.6931471805599453,1,0.4655704329020314,0
NA,stats,proudfoot2015,2015-2016,non-psych,1.4829545454545041,-28.34408584499136,4.382026634673881,0.04879016416943205,0,1.9367498547824908,0,0,0,0,1,0,1,0.8245585674291114,1
NA,stats,vasilyeva2018,2021-2022,cognitive,4.482954545454504,-60.37154933940418,5.204006687076795,-2.639057329615259,0,0.9575835692694562,0,0,0,1,0,1.3862943611198906,1,0.16137244747294854,1
NA,exp,blair2007,2012-2013,cognitive,-6.517045454545496,-9.897792705319986,3.091042453358316,0.5978370007556204,1,1.1073348527841413,0,0,0,1,0,5.480638923341991,0,1.3506485041503424e-8,0
NA,stats,yeshurun2003,2019-2020,cognitive,-10.517045454545496,-4.46133091954979,2.8903717578961645,-0.587786664902119,0,0.6864229531332962,0,0,0,1,0,6.761572768804055,0,0.0074643843673953825,0
NA,stats,greenberg2016,2017-2018,non-psych,2.482954545454504,-3.7709453952960565,4.61512051684126,-1.2829160066660554,0,0.4666904755831214,0,1,1,0,0,2.3978952727983707,0,0.018328330492312972,1
NA,stats,heck2020,2020-2021,non-psych,6.482954545454504,-12.757811074677969,5.707110264748875,-1.0627193656075031,0,0.27493822924492006,0,1,1,1,1,1.0986122886681098,0,2.042915137057122e-7,0.25
NA,stats,haimovitz2016_2,2021-2022,social,2.482954545454504,-6.511647870849531,4.882801922586371,-0.1378697942231208,0,0.5629277922150586,1,0,1,0,1,0,0,1.6704834329583917e-5,0.5
NA,stats,critcher2013,2014-2015,social,-0.5170454545454959,-45.30419879033187,4.77912349311153,-0.03419136474827931,1,2.0667028098402733,0,0,0,0,1,0,0,0.013386738186994762,1
NA,stats,porter_2016_2,2016-2017,social,2.482954545454504,-5.323596933121825,4.477336814478207,0.3017866786333229,0,0.6161500702677142,0,1,1,0,1,0,1,0.07973052007866555,1
NA,stats,livingston2012,2016-2017,social,-1.5170454545454959,-6.82007702379994,4.430816798843313,0.4443805243578379,1,0.7689486662203473,0,0,0,0,1,0,0,0,0
NA,stats,birch2007_1,2014-2015,cognitive,-6.517045454545496,-4.060627471672716,5.043425116919247,0.3726752852851735,1,0.46790046069810115,0,0,0,0,1,0,0,4.9479504937721686e-9,0
NA,stats,kupor2015,2015-2016,social,1.4829545454545041,-3.7237403464142695,4.61512051684126,0.46005329839256753,0,0.4557270331161751,0,0,1,0,1,1.0986122886681098,0,1.481620921506277e-7,0
NA,stats,kacperczyk2021,2021-2022,non-psych,8.482954545454504,-3.1942220924168603,6.023447592961033,-0.7870056301310836,1,0.20174781083510038,0,0,0,0,1,0,0,0,0.75
NA,stats,tamir2012,2012-2013,social,-1.5170454545454959,-6.180062834146329,3.6109179126442243,-0.6664789334777841,1,0.5458046378537862,0,0,0,1,0,5.272999558563747,0,0.024465731065272278,0.25
NA,stats,liverence2015,2015-2016,cognitive,1.4829545454545041,-9.576549079043177,2.8903717578961645,0.05406722127027579,1,1.2303657992645927,0,0,0,1,0,4.605170185988092,0,0.002858195480990755,0.25
NA,stats,brady2011,2012-2013,cognitive,-2.517045454545496,-7.656959606664448,3.044522437723423,-0.10008345855698253,0,0.9099686022840883,0,0,0,1,0,3.4011973816621555,1,0.4301005208017976,1
NA,stats,lloyd2017,2018-2019,social,3.482954545454504,-24.5460148008027,4.060443010546419,-0.7646061445420903,0,1.0898433927356972,0,1,0,1,0,3.6888794541139363,1,0.05120967174544022,1
NA,stats,hughes2013,2017-2018,other-psych,-0.5170454545454959,-4.46140629736943,4.04305126783455,0.05129329438755048,0,1.0064687329196211,0,0,0,0,1,0,1,0.405012232010624,1
NA,stats,zaval2015,2015-2016,social,1.4829545454545041,-6.401713875298042,5.7430031878094825,0.02843793532053341,0,0.3598856552954839,0,1,1,0,1,0,0,0,0.5
NA,stats,wilkins2014,2018-2019,social,0.4829545454545041,-4.752471848334451,5.123963979403259,-1.5130460667590344,0,0.4232364751814884,0,0,1,0,1,0,0,0.018672371146261968,0
NA,stats,störmer2016,2016-2017,cognitive,2.482954545454504,-3.7285920164093933,2.772588722239781,0.8909729238898652,1,0.6275,0,0,0,1,0,7.090076835776092,1,0.21816514707805257,0.75
NA,stats,shah2015,2015-2016,non-psych,1.4829545454545041,-4.046490320366844,6.3578422665081,-0.39941757347831774,0,0.19860625479688307,0,1,1,0,1,0,0,0,1
NA,stats,savani2012,2012-2013,social,-1.5170454545454959,-3.607825095938114,3.871201010907891,0.06062462181643484,0,0.6904609790830787,0,0,0,0,0,2.302585092994046,0,1.500812041310695e-7,0
NA,stats,wilson2014,2014-2015,social,0.4829545454545041,-10.02805662919229,3.4011973816621555,0.550046336919272,1,1.7636666351666348,0,0,0,0,1,0,1,0.6962070641149878,1
NA,stats,atir2015,2015-2016,social,1.4829545454545041,-64.15583984586426,5.308267697401205,-1.337975783849083,0,1.843773439854376,0,0,1,0,1,0,1,0.23445074984720615,1
NA,stats,kovacs2010,2012-2013,cognitive,-3.517045454545496,-3.736972309814949,3.1780538303479458,0.8109302162163288,1,0.4939804314612743,0,0,0,1,0,3.6888794541139363,1,0.5949150336761044,1
NA,stats,birch2007_2,2018-2019,cognitive,-6.517045454545496,-4.060627471672716,5.043425116919247,-0.7529656757708555,1,0.46790046069810115,0,0,1,0,1,0,0,3.084309160072962e-6,0
NA,stats,paxton2012,2019-2020,cognitive,-1.5170454545454959,-3.0942502175144924,4.5217885770490405,-0.11506932978478723,0,0.42328426053586177,0,0,0,0,0,1.0986122886681098,0,2.930988785010413e-14,0
NA,stats,porter_2016_4,2018-2019,social,2.482954545454504,-5.323596933121825,4.477336814478207,-0.011428695823622744,0,0.6161500702677142,0,1,1,0,1,0,0,1.3933298959045715e-12,0
NA,stats,vohs2006,2012-2013,social,-7.517045454545496,-3.226234450017885,3.6888794541139363,0.7654678421395714,1,0.6735651416158647,0,0,0,0,1,0,0,1.8956944429771028e-6,0.25
NA,stats,haimovitz2016_1,2017-2018,social,2.482954545454504,-6.511647870849531,4.882801922586371,-0.30809094408298804,0,0.5629277922150586,1,0,1,0,1,0,0,0,0
NA,stats,wal2021,2022-2023,other-psych,7.482954545454504,-22.75443935156624,5.771441123130016,-1.9212935214199574,1,0.5545672212341652,0,1,0,0,0,5.545177444479562,0,0.007152152377750687,0.75
NA,stats,garciacastro2020,2022-2023,social,6.482954545454504,-12.984620616931545,5.918893854273146,-1.1482092298074817,1,0.24925762755526293,0,1,1,0,1,0,1,0.32996538837553135,0
NA,stats,maddux2008,2022-2023,social,-5.517045454545496,0.693140544075906,3.6888794541139363,0.6549259677397475,1,0.8006542626108974,0,0,0,0,1,0,0,0.043993243892788136,1
NA,stats,albarracín2008,2011-2012,social,-5.517045454545496,-10.045827314067033,3.58351893845611,0.8938178760220965,1,0.7925135995215808,0,0,0,0,1,0,0,1.39818300099126e-4,0
NA,stats,reis2018,2022-2023,social,4.482954545454504,-24.821030274901382,5.857933154483459,-0.5203950747821413,1,0.3727592333054192,0,1,1,0,0,2.772588722239781,0,0,0
NA,stats,stavrova2020,2020-2021,social,6.482954545454504,-18.295885054541873,5.407171771460119,-0.1393136123967907,0,0.3982515314667635,0,1,1,0,1,0,0,0.03926125604452069,0
NA,stats,schaerer2015,2015-2016,social,1.4829545454545041,0.6931471805599453,5.662960480135946,-0.7001158498760386,0,0.766781255346328,0,0,0,0,1,0,1,0.4675821312522608,1
NA,stats,galperin2020,2021-2022,non-psych,6.482954545454504,-39.985948400353514,5.356586274672012,-0.4366053488438875,1,0.6554148853693192,0,0,0,0,1,0,0,6.776801342311956e-13,0
NA,stats,schnall2008,2012-2013,social,-5.517045454545496,0.6928823096334765,3.6888794541139363,0.8109302162163288,1,0.6062675626126827,0,0,0,0,1,1.791759469228055,0,0.020844855417902375,0
NA,stats,jordan2017_2,2018-2019,other-psych,3.482954545454504,0.6931471805599453,6.124683390894205,-0.4209009162380037,0,0.8836516252661195,0,1,1,0,0,1.3862943611198906,0,5.795825441450297e-4,1
NA,stats,porter_2016_3,2018-2019,social,2.482954545454504,-20.06309409529952,4.770684624465665,-0.413975797776073,0,0.6024918925956928,0,1,1,0,1,0,1,0.7439449503987339,1
NA,stats,chou2016,2017-2018,other-psych,2.482954545454504,-9.5002134444862,4.605170185988092,0.4574248470388755,0,0.41563187270117385,0,0,0,0,1,0,0,5.576373440341342e-6,0
NA,stats,shariff2014,2014-2015,social,0.4829545454545041,0.6931114372394952,4.477336814478207,-0.3184537311185346,1,0.4474529616340653,0,0,1,0,1,0,1,0.08355971223024072,0
NA,stats,okonofua2022,2022-2023,social,2.482954545454504,-295.9908780330094,5.703782474656201,-3.2188758248682006,1,2.474714350931037,1,0,0,0,1,0,0,6.634002055114774e-4,0.75
NA,stats,okan2018,2020-2021,cognitive,4.482954545454504,0.6931471805599453,6.415096959171596,-2.0206478044991565,0,0.5208216708566404,0,0,1,0,1,0,1,0.3938144446344449,0.75
NA,stats,obrien2015,2017-2018,social,1.4829545454545041,-75.25332605010357,5.4116460518550396,-0.4144337780909248,0,0.9595204720176548,0,0,0,0,1,0,0,0,0
NA,stats,endress2009,2012-2013,cognitive,-4.517045454545496,-1.4413527468376872,2.995732273553991,1.3862943611198906,1,0.28037383177570097,0,0,1,1,0,2.995732273553991,1,0.2594675882066224,1
NA,stats,child2018,2020-2021,other-psych,4.482954545454504,0.395959600572768,3.5553480614894135,0.13353139262452257,1,0.11305643786957817,0,0,1,1,0,3.1780538303479458,0,1.63567115407659e-9,0.5
NA,stats,sloman2016_2,2017-2018,cognitive,2.482954545454504,-7.27821864051305,4.248495242049359,-0.13762137787604772,0,0.42781975651285215,0,1,1,1,0,1.3862943611198906,1,0.12631053552551075,1
NA,stats,ngo2019,2021-2022,cognitive,5.482954545454504,-16.238010607481577,3.4339872044851463,-0.9490805546971459,1,1.2780193008453877,0,1,1,1,0,4.969813299576001,1,0.6713732405408726,0
NA,stats,todd2016_2,2017-2018,social,2.482954545454504,0.6931140565348983,4.127134385045092,-1.488077055429833,1,0.5484808268031574,0,0,0,1,0,5.662960480135946,1,0.292617882825734,0.75
NA,stats,todd2016_1,2016-2017,social,2.482954545454504,0.6927721242390368,4.143134726391533,-0.8850381883700507,1,0.45040323509831304,0,0,1,1,0,4.969813299576001,1,0.35807000285021195,0
NA,stats,kiyonaga2014,2014-2015,cognitive,0.4829545454545041,0.6901294866099145,3.5553480614894135,-0.08961215868968717,0,0.5023909068296628,0,0,1,1,0,5.375278407684165,1,0.9766054945753007,0.75
NA,stats,brown-iannuzzi2017_1,2016-2017,social,3.482954545454504,0.6931471805599453,5.455321115357702,-1.6941209996641389,0,0.6602629854139652,0,1,1,1,1,0.6931471805599453,1,0.19097382658255846,1
NA,pred_int,brandone2015,2014-2015,cognitive,1.4829545454545041,-12.469418375787946,3.4657359027997265,1.1394342831883648,1,1.012734458295901,0,0,0,0,0,3.4657359027997265,0,2.6237585215582726e-8,1
NA,stats,rottman2019,2019-2020,other-psych,5.482954545454504,-26.704284897266167,5.176149732573829,-0.11990392722552104,0,0.5676642626450207,0,1,1,1,0,2.772588722239781,1,0.08515763797296172,0.5
NA,stats,tribushinina2011,2016-2017,non-psych,-2.517045454545496,0.6923935474161159,2.995732273553991,0.5596157879354227,1,0.8497058314499202,0,0,0,1,0,3.871201010907891,1,0.8900082594892522,1
NA,stats,verdugo2022,2022-2023,cognitive,6.482954545454504,-5.058896202882253,3.5263605246161616,-0.09237332013101517,1,0.5073615937647941,0,0,0,1,0,5.44673737166631,1,0.7629653812691131,0.5
NA,stats,nekmat2019,2017-2018,social,5.482954545454504,-82.5665325145892,5.337538079701318,-1.2770950691548986,0,1.0808249664917438,0,0,1,0,1,0,0,3.966382777775834e-12,0
NA,stats,pilditch2019,2019-2020,cognitive,5.482954545454504,-32.80473858796276,5.262690188904886,-1.202247178358466,0,0.6128039037857511,0,1,1,0,0,1.3862943611198906,0,0.02838171797399669,0.5
NA,stats,huh2016,2017-2018,other-psych,2.482954545454504,-23.094759076555736,4.61512051684126,-0.6077873316087885,0,0.724143923024744,0,1,1,1,0,2.302585092994046,1,0.5153330517592507,1
NA,exp,piff2012,2012-2013,social,-1.5170454545454959,-3.8324740797513597,4.499809670330265,-0.06899287148695143,0,0.5046573785920917,0,0,0,0,1,0,NA,NA,0
NA,stats,li2020,2021-2022,cognitive,6.482954545454504,0.6931471805599453,6.675823221634848,-3.0649053089906237,1,1.1805953200544685,1,0,1,0,0,3.912023005428146,0,1.7287060671833387e-11,0.5
NA,stats,aryani2020,2020-2021,other-psych,6.482954545454504,-46.68893152111159,3.332204510175204,-0.11332868530700312,1,5.163977794943222,0,0,1,1,0,4.060443010546419,1,0.7960621893749478,1
NA,stats,belding2015,2021-2022,social,1.4829545454545041,-13.030100149155489,5.7899601708972535,-0.11320636862897163,0,0.2670322779257044,0,0,1,0,1,0,1,0.08593857771057456,0
NA,pred_int,wiltermuth2011,2016-2017,non-psych,-2.517045454545496,NA,4.844187086458591,-1.2606681480024813,1,NA,0,0,0,0,1,0,1,0.6127835492643599,0
NA,pred_int,keysar2003,2014-2015,cognitive,-10.517045454545496,NA,3.6375861597263857,-0.9985288301111273,1,NA,0,0,0,1,0,2.0794415416798357,1,0.5844050031915526,1
NA,pred_int,gick1983,2018-2019,cognitive,-30.517045454545496,NA,4.962844630259907,0.20194134366360675,1,NA,0,0,1,0,1,0,1,0.7441045629487997,1
NA,pred_int,dai2008,2011-2012,social,-5.517045454545496,NA,4.143134726391533,-0.8850381883700507,1,NA,0,0,0,0,1,0,0,0.042594130967567034,0
NA,exp,daw2011,2022-2023,cognitive,-2.517045454545496,NA,2.833213344056216,0.8556661100577203,1,NA,0,0,0,1,0,5.303304908059076,NA,NA,0.25
NA,exp,austerweil2011,2014-2015,cognitive,-2.517045454545496,NA,3.2188758248682006,0.6931471805599453,1,NA,0,0,0,0,1,3.044522437723423,NA,NA,0.75
NA,exp,sharif2016,2017-2018,cognitive,2.482954545454504,NA,4.499809670330265,0,0,NA,0,1,1,0,1,0,NA,NA,1
NA,exp,griffiths2006,2012-2013,cognitive,-7.517045454545496,NA,5.857933154483459,-0.002861232281032235,1,NA,0,0,0,1,0,1.6094379124341003,NA,NA,1
NA,exp,gibson2013,2014-2015,cognitive,-0.5170454545454959,NA,5.19295685089021,-0.00557104504945536,0,NA,0,0,0,1,0,4.0943445622221,NA,NA,1
NA,exp,cohen2011,2014-2015,cognitive,-2.517045454545496,NA,3.4011973816621555,-0.06899287148695143,1,NA,0,0,1,1,1,0,NA,NA,1
NA,exp,suppes1965,2017-2018,cognitive,-48.517045454545496,NA,5.056245805348308,-1.798149267326826,1,NA,0,0,0,1,0,2.0794415416798357,NA,NA,0.5
NA,exp,krauss2003,2018-2019,cognitive,-10.517045454545496,NA,4.61512051684126,-1.670681537674819,1,NA,0,0,1,0,1,0,NA,NA,0
NA,exp,schechtman2010,2018-2019,cognitive,-3.517045454545496,NA,3.6635616461296463,-0.6678293725756556,1,NA,0,0,0,1,0,5.529429087511423,NA,NA,0.5
NA,exp,korman2020,2020-2021,cognitive,6.482954545454504,NA,3.9318256327243257,-0.7537718023763802,0,NA,0,1,1,1,0,3.784189633918261,NA,NA,1
NA,exp,alais2004,2021-2022,cognitive,-9.517045454545496,NA,1.6094379124341003,-0.5108256237659907,0,NA,0,0,0,1,0,8.229511118964457,NA,NA,0.5
NA,exp,dubey2020,2021-2022,cognitive,6.482954545454504,NA,5.53338948872752,-0.13522678720976747,0,NA,0,0,0,0,0,3.6888794541139363,NA,NA,0.5
NA,exp,najemnik2005,2022-2023,cognitive,-8.517045454545496,NA,0.6931471805599453,0,0,NA,0,0,0,1,0,5.2574953720277815,NA,NA,0.75
NA,exp,dehaene2009,2022-2023,cognitive,-3.517045454545496,NA,3.258096538021482,-0.12260232209233239,1,NA,0,0,0,1,0,5.634789603169249,NA,NA,0.25
NA,exp,freeman2011,2014-2015,non-psych,-2.517045454545496,NA,1.6094379124341003,0,0,NA,0,0,0,1,0,5.662960480135946,NA,NA,1
NA,exp,reinecke2013,2018-2019,non-psych,-0.5170454545454959,NA,5.214935757608986,-0.8082165103447325,1,NA,0,1,1,1,0,4.174387269895637,NA,NA,0.25
NA,exp,charpentier2016,2017-2018,other-psych,2.482954545454504,NA,4.02535169073515,-0.6241543090729939,1,NA,0,0,0,1,0,5.703782474656201,NA,NA,1
NA,exp,bourrat2011,2020-2021,other-psych,-2.517045454545496,NA,4.51085950651685,-0.011049836186584935,1,NA,0,0,1,0,1,0.6931471805599453,NA,NA,0
NA,exp,santello1998,2021-2022,other-psych,-15.517045454545496,NA,1.6094379124341003,0,0,NA,0,0,0,1,0,5.652489180268651,NA,NA,1
NA,exp,durso2016,2018-2019,social,2.482954545454504,NA,4.836281906951478,-0.20155291872184225,1,NA,0,1,1,0,1,0,NA,NA,0
NA,exp,feinberg2013,2012-2013,social,-0.5170454545454959,NA,5.730099782973574,-1.5105920777974677,1,NA,0,0,0,0,1,0,NA,NA,0
NA,exp,gray2007,2014-2015,social,-6.517045454545496,NA,7.495541943884256,-3.506557897319982,1,NA,0,0,1,1,0,4.356708826689592,NA,NA,1
NA,stats,storm2015,2015-2016,cognitive,1.4829545454545041,-4.923592602490254,3.871201010907891,0.06062462181643484,1,0.4141518310118099,0,0,0,1,0,1.791759469228055,0,0.0035665999219207656,0.5
NA,stats,tarampi2016,2018-2019,cognitive,2.482954545454504,-32.14518121211759,4.9344739331306915,0.4221123415413207,1,0.7380644068999455,0,0,1,0,1,0.6931471805599453,0,1.5543122344752192e-15,0
NA,stats,blankenship2008,2011-2012,social,-5.517045454545496,-11.122439630783138,4.820281565605037,0.5220526863597742,1,0.4070027369097607,0,0,0,0,1,0,0,0.0029495239982113564,0
