target_lastauthor_year,sensitivity,include,how_close,status,academic_year,subfield,target_year,stanford_internal,open_data,open_materials,target_on_turk,replication_on_turk,within_between,single_vignette,repeated_measure,target_N,target_raw_stat,same_dir,replication_N,replication_raw_stat,replicated_instructor_code,replicated_report_code,adjudicated_replication_code,target_df_1,target_df_2,target_tstat,target_fstat,target_p_calc,target_d_calc,target_d_calc_se,target_N_calc,target_ES,target_SE,rep_df_1,rep_df_2,rep_tstat,rep_fstat,rep_p_calc,rep_d_calc,rep_d_calc_se,rep_N_calc,rep_ES,rep_SE,predInt,predInt_from_d,p_orig,p_orig_from_d,predInt_with_tau,p_orig_with_tau,sub_rep
albarracín2008,NA,stats,very close,done,2011-2012,social,2008,no,no,no,no,yes,between,1,1,36,"MSD2:m1=12.83(1.86),m2=10.78(3.15)",no,88,"MSD2:m1=11.33(3.84),m2=11.57(3.86)",0,0,NA,34,NA,4.68857368396113,NA,4.336632611160407e-5,0.7925135995215808,0.11983441396425906,NA,2.0500000000000007,0.4372331839452,86,NA,-0.5814450445505738,NA,0.5624614659542323,-0.06233745205819902,0.04547662476096084,NA,-0.2400000000000002,0.41276471826414396,FALSE,FALSE,1.39818300099126e-4,2.566924450775332e-11,FALSE,5.115240699360424e-4,0
austerweil2011,NA,exp,close,done,2014-2015,cognitive,2011,no,no,no,no,yes,between,1,21,25,NA,yes,50,NA,1,0.25,0.75,NA,NA,NA,NA,NA,NA,NA,NA,NA,NA,NA,NA,NA,NA,NA,NA,NA,NA,NA,NA,NA,NA,NA,NA,NA,NA,0.75
balas2006,no,exp,close,done,2014-2015,cognitive,2006,no,no,no,no,yes,within,0,2160,8,NA,NA,315,NA,0.75,0,0.5,NA,NA,NA,NA,NA,NA,NA,NA,NA,NA,NA,NA,NA,NA,NA,NA,NA,NA,NA,NA,NA,NA,NA,NA,NA,NA,0.5
birch2007_1,NA,stats,close,done,2014-2015,cognitive,2007,no,no,no,no,yes,between,1,1,155,t(105)=-2.42,yes,225,t(149.58)=-1.20,0,0.25,0,NA,105,2.42,NA,0.01723819923940708,0.46790046069810115,0.038406218883745305,107,NA,NA,NA,149.58,1.2,NA,0.232036496781515,0.19493521003898617,0.026514051115295367,151.58,NA,NA,FALSE,FALSE,4.9479504937721686e-9,4.9479504937721686e-9,TRUE,0.20448452547673202,0
blair2007,NA,exp,very close,done,2012-2013,cognitive,2007,no,no,no,no,yes,within,0,240,22,"F(1,21)=25.75",no,40,"F(1,3446)=3.49",0,0,NA,1,21,NA,25.75,5.028555468421462e-5,1.1073348527841413,0.20056935817805382,23,NA,NA,1,3446,NA,3.49,0.06182538676107426,-0.03182402279979586,0.001160239670595586,3448,NA,NA,FALSE,FALSE,1.3506485041503424e-8,1.3506485041503424e-8,FALSE,8.753042917186704e-5,0
blankenship2008,NA,stats,close,done,2011-2012,social,2008,no,no,no,no,yes,between,1,1,124,"MSD2:m1=7.22(1.48),m2=6.49(2.06)",yes,209,"MSD2:m1=6.73(2.054142),m2=6.63(1.892406)",0,0,NA,122,NA,4.513878711906249,NA,1.477698535983695e-5,0.4070027369097607,0.0329260130155324,NA,0.7299999999999995,0.16172344154362855,207,NA,0.730263984011381,NA,0.46605449515145414,0.05063469690341634,0.019144889647202155,NA,0.10000000000000053,0.1369367820259941,FALSE,FALSE,0.0029495239982113564,0,TRUE,0.09496882818777985,0
brady2013,no,stats,close,done,2014-2015,cognitive,2013,no,no,no,no,yes,between,0,120,28,t(26)=1.99,yes,6,"MSE2:m1=.53(.43),m2=.37(.30)",0,0,NA,NA,26,1.99,NA,0.057203443306202535,0.7521493012883621,0.1529594387755102,28,NA,NA,4,NA,0.6823663702315571,NA,0.5324749977123231,0.30516351787951007,0.6744270643870498,NA,0.16000000000000003,0.23447814397081873,TRUE,TRUE,0.5180535140272569,0.5180535140272569,TRUE,0.5362703395192006,0
brandone2015,NA,pred_int,close,done,2014-2015,cognitive,2015,no,no,no,no,yes,between,0,32,32,"MSD2:m1=99.0(4.2),m2=87.5(15.5)",yes,100,"bseb=0.15(0.02)
",1,1,NA,30,NA,5.638666825909885,NA,3.842380829575909e-6,1.012734458295901,0.1410254856721858,NA,11.5,2.039489183357504,NA,NA,NA,NA,NA,NA,NA,NA,0.15,0.02,FALSE,NA,2.6237585215582726e-8,NA,NA,NA,1
charpentier2016,NA,exp,close,done,2017-2018,other-psych,2016,no,no,no,no,yes,within,0,300,56,NA,NA,30,NA,1,1,NA,NA,NA,NA,NA,NA,NA,NA,NA,NA,NA,NA,NA,NA,NA,NA,NA,NA,NA,NA,NA,NA,NA,NA,NA,NA,NA,1
correll2007,exp,stats,close,done,2016-2017,non-psych,2007,no,no,no,no,yes,within,0,2,188,"MSD2:m1=5.19(.73),m2=5.75(.58)",yes,198,t(197)=-0.99802398,0.5,0,0.25,187,NA,-11.615528862509032,NA,7.83134738554709e-24,0.8494115948805632,0.023195478876376442,NA,0.5599999999999996,0.04821132181139756,NA,197,0.99802398,NA,0.3194920240383506,0.07092647582535914,0.020214723648921733,198,NA,NA,FALSE,FALSE,0,0,FALSE,2.4453863124040964e-4,0.25
critcher2013,NA,stats,very close,done,2014-2015,social,2013,no,no,no,no,yes,between,1,1,119,"F(1,117)=127.07",yes,115,t(113)=12.1,1,1,NA,1,117,NA,127.07,2.111720608706653e-20,2.0667028098402733,0.051559918084881015,119,NA,NA,NA,113,12.1,NA,4.02218906166799e-22,2.256661635941559,0.056924007561436674,115,NA,NA,FALSE,FALSE,0.013386738186994762,0.013386738186994762,TRUE,0.39558524048671306,1
daffner2000,no,exp,close,done,2020-2021,cognitive,2000,no,no,no,no,yes,within,0,750,24,NA,no,42,NA,0,0,NA,NA,NA,NA,NA,NA,NA,NA,NA,NA,NA,NA,NA,NA,NA,NA,NA,NA,NA,NA,NA,NA,NA,NA,NA,NA,NA,0
dai2008,NA,pred_int,very close,done,2011-2012,social,2008,no,no,no,no,yes,between,1,1,63,"prop:12/31,21/32",no,26,"prop:5/15,2/11",0,0,NA,NA,NA,NA,NA,NA,NA,NA,NA,0.2691532258064516,0.1212554273551687,NA,NA,NA,NA,NA,NA,NA,NA,-0.1515151515151515,0.16834037314632286,FALSE,NA,0.042594130967567034,NA,NA,NA,0
daw2011,NA,exp,close,done,2022-2023,cognitive,2011,no,no,no,no,yes,within,0,201,17,NA,no,40,bseb=0.0533074(0.1674285),0,0.5,0.25,NA,NA,NA,NA,NA,NA,NA,NA,NA,NA,NA,NA,NA,NA,NA,NA,NA,NA,-0.0533074,0.1674285,NA,NA,NA,NA,NA,NA,0.25
dehaene2009,NA,exp,close,done,2022-2023,cognitive,2010,no,no,no,no,yes,mixed,0,280,26,NA,NA,23,NA,0.5,0.25,0.25,NA,NA,NA,NA,NA,NA,NA,NA,NA,NA,NA,NA,NA,NA,NA,NA,NA,NA,NA,NA,NA,NA,NA,NA,NA,NA,0.25
djärv2017,NA,pred_int,very close,done,2022-2023,non-psych,2018,no,no,no,no,yes,within,0,24,62,bse:b=0.8605(0.2108),yes,60,bse:b=0.8082(0.2215),1,1,NA,NA,NA,NA,NA,NA,NA,NA,NA,0.8605,0.2108,NA,NA,NA,NA,NA,NA,NA,NA,0.8082,0.2215,TRUE,NA,0.8641920740201081,NA,NA,NA,1
feinberg2013,NA,exp,very close,done,2012-2013,social,2013,no,no,no,no,yes,between,1,1,308,NA,no,68,t(38)=-1.57,0,0,NA,NA,NA,NA,NA,NA,NA,NA,NA,NA,NA,NA,38,1.57,NA,0.12470561418433646,-0.49647759264643554,0.10308112500000001,40,NA,NA,NA,NA,NA,NA,NA,NA,0
fischer2008,exp,pred_int,close,done,2011-2012,social,2008,no,no,no,no,yes,between,1,1,155,"prop:8/26,21/26",yes,215,"prop:29/38,33/38",0.5,0,0,NA,NA,NA,NA,NA,NA,NA,NA,0.5,0.119025400531902,NA,NA,NA,NA,NA,NA,NA,NA,0.10526315789473684,0.08811085278985552,FALSE,NA,0.007686827392253237,NA,NA,NA,0
fu2014,no,stats,far,done,2014-2015,social,2014,yes,no,no,no,yes,between,1,1,117,"F(1,113)=6.12",no,20,"F(1,14)=.06",0,0,NA,1,113,NA,6.12,0.014852959166935882,0.46137789849253874,0.03570812854442344,115,NA,NA,1,14,NA,0.06,0.8100498561576261,-0.1224744871391589,0.25046875,16,NA,NA,FALSE,FALSE,0.021015552656118874,0.021015552656118874,TRUE,0.07578156608927245,0
galperin2020,NA,stats,far,done,2021-2022,non-psych,2020,no,no,no,no,yes,between,1,1,212,"MSD2:m1=6.04(1.18),m2=5.17(1.46)",no,137,"MSD2:m1=5.65(0.889),m2=5.56(1.34)",0,0,NA,210,NA,9.520451133446146,NA,4.308471813202829e-18,0.6554148853693192,0.01988105818859358,NA,0.8700000000000001,0.09138222420402084,135,NA,0.9230374778736959,NA,0.35763445711805963,-0.07914981074442433,0.02921994413336087,NA,-0.09000000000000075,0.09750416657763913,FALSE,FALSE,6.776801342311956e-13,0,FALSE,5.617951009595501e-4,0
goff2014,no,stats,close,done,2018-2019,social,2014,no,no,no,no,yes,between,0,6,123,t(80)=3.2923,no,50,t(181.6)=0.46732,0,0,NA,NA,80,3.2923,NA,0.0014806698605667776,0.7271474265924345,0.05200453280487805,82,NA,NA,NA,181.6,0.46732,NA,0.6408311977614969,-0.06897759138509955,0.0217994496408314,183.6,NA,NA,FALSE,FALSE,0,0,FALSE,2.5086722099199044e-4,0
gong2019,NA,exp,far,cannot tell direction in target,2017-2018,social,2019,no,no,no,no,yes,mixed,0,28,155,"F(1,134)=4.03",NA,90,"F(1,70)=.06",0,0,NA,1,134,NA,4.03,0.04670909527753502,0.17342037615479805,0.029522333187006145,136,NA,NA,1,70,NA,0.06,0.8072125952509879,NA,0.05556150793650794,72,NA,NA,NA,NA,NA,NA,NA,NA,0
griffiths2006,NA,exp,very close,done,2012-2013,cognitive,2006,no,no,no,no,yes,within,0,5,350,NA,NA,349,NA,1,1,NA,NA,NA,NA,NA,NA,NA,NA,NA,NA,NA,NA,NA,NA,NA,NA,NA,NA,NA,NA,NA,NA,NA,NA,NA,NA,NA,1
henderson2008,exp,stats,very close,done,2011-2012,social,2008,no,no,no,no,yes,between,1,1,123,"MSD2:m1=2.46(.55),m2=2.80(.66)",no,23,"MSD2:m1=3.28(1.51),m2=2.55(.58)",0,0,NA,121,NA,-6.181818181818179,NA,8.860986199935114e-9,0.5596755209901143,0.0337936450764047,NA,0.33999999999999986,0.055,21,NA,2.9935659395119396,NA,0.006922846860758067,-0.6382304027617015,0.18276821841324703,NA,-0.73,0.2438563287899436,FALSE,FALSE,1.8663206767799423e-5,1.1560663537579785e-10,FALSE,1.9413390921263485e-5,0
huntingtonklein2018,NA,pred_int,far,done,2022-2023,non-psych,2018,no,no,no,no,yes,within,0,6,484,bse:b=.07(.01),yes,102,bse:b=.061(.04),0.5,0.5,NA,NA,NA,NA,NA,NA,NA,NA,NA,0.07,0.01,NA,NA,NA,NA,NA,NA,NA,NA,0.061,0.04,TRUE,NA,0.8272093495267347,NA,NA,NA,0.5
jones2006,exp,stats,close,done,2012-2013,cognitive,2006,no,no,no,no,yes,within,0,64,60,"F(1,59)=77.05",yes,39,"F(1,76)=5.007",1,1,NA,1,59,NA,77.05,2.684529294768275e-12,1.1427739073805592,0.07627813281467075,61,NA,NA,1,76,NA,5.007,0.028174734104088304,0.25667407143567966,0.05170436909581646,78,NA,NA,FALSE,FALSE,0,0,FALSE,1.1159827015450041e-4,1
kacperczyk2021,NA,stats,far,done,2021-2022,non-psych,2022,no,no,no,no,yes,between,1,1,413,t(411)=2.05,no,188,t(155.59)=-0.80127,0.75,0.5,0.75,NA,411,2.05,NA,0.04099840594528847,0.20174781083510038,0.009734506270189777,413,NA,NA,NA,155.59,0.80127,NA,0.4241973051500092,-0.12765697549428012,0.025434025964186646,157.59,NA,NA,FALSE,FALSE,0,0,TRUE,0.11981075838537958,0.75
keysar2003,NA,pred_int,close,done,2014-2015,cognitive,2003,no,no,no,no,yes,within,0,8,38,"prop:27/38,0/38",yes,14,"prop:13/14,2/14",1,1,NA,NA,NA,NA,NA,NA,NA,NA,NA,0.7105263157894737,0.07357035128653369,NA,NA,NA,NA,NA,NA,NA,NA,0.7857142857142858,0.11612047629327593,TRUE,NA,0.5844050031915526,NA,NA,NA,1
kim1999,exp,stats,close,done,2012-2013,social,1999,yes,no,no,no,yes,mixed,0,30,76,"MSD4:m1=5.88(2.11),m2=5.63(1.51),m3=3.81(1.91),m4=4.33(1.46)",yes,31,"MSD4:m1=5.96(3.75),m2=6.28(3.05),m3=2.86(1.46),m4=3.10(2.72)",1,1,NA,74,NA,3.7807380346049815,NA,3.1446595841345786e-4,0.4365620244029285,0.0538854368496762,NA,0.77,0.20366393887971426,29,NA,-0.15391043891980138,NA,0.8787464286899116,0.02810007307729876,0.12904499377591855,NA,0.08000000000000007,0.5197828072057278,TRUE,FALSE,0.2164640139646874,0.003490812050603642,TRUE,0.10545991153915235,1
ko2015,exp,stats,close,done,2015-2016,social,2015,no,yes,no,no,yes,within,0,60,40,"F(1,55)=83.67",yes,39,"F(1,20)=30.932",1,1,NA,1,55,NA,83.67,1.2304647802052918e-12,1.2333988516585896,0.08351993620414673,57,NA,NA,1,20,NA,30.932,1.917233638473691e-5,1.2436237373096413,0.2169681818181818,22,NA,NA,TRUE,TRUE,0.9649201616383043,0.9649201616383043,TRUE,0.9739639817523655,1
kovacs2010,NA,stats,close,done,2012-2013,cognitive,2010,no,no,no,no,yes,within,0,40,24,t(23)=2.42,yes,54,t(53)=4.366,1,1,NA,NA,23,2.42,NA,0.023826132182011642,0.4939804314612743,0.1717503472222222,24,NA,NA,NA,53,4.366,NA,5.900061146677169e-5,0.5941373453884086,0.07734258504801098,54,NA,NA,TRUE,TRUE,0.5949150336761044,0.5949150336761044,TRUE,0.7225586905230843,1
lau2008,NA,exp,close,cannot tell direction in rep,2011-2012,social,2008,no,no,no,no,yes,between,1,8,36,"F(1,34)=5.89",NA,39,"F(1,38)=1.51",0,0,NA,1,34,NA,5.89,0.020677269532361302,0.8089774066341064,0.12020061728395061,36,NA,NA,1,38,NA,1.51,0.2266948218481519,NA,0.1018875,40,NA,NA,NA,NA,NA,NA,NA,NA,0
libby2009,NA,pred_int,close,done,2012-2013,cognitive,2009,no,no,no,no,yes,between,0,10,172,t(10)=4.95,yes,81,t(10)=2.34,1,1,NA,NA,10,4.95,NA,5.7853333979204e-4,2.857883832488648,0.6736458333333334,12,NA,NA,NA,10,2.34,NA,0.04133956206265353,1.3509996299037244,0.4093833333333333,12,NA,NA,TRUE,TRUE,0.055927783638130224,0.055927783638130224,TRUE,0.06472180965687335,1
liverence2015,NA,stats,close,done,2015-2016,cognitive,2015,no,no,no,no,yes,within,0,100,18,t(17)=5.22,yes,19,t(18)=0.96,0.5,0,0.25,NA,17,5.22,NA,6.933580773771318e-5,1.2303657992645927,0.26427222222222224,18,NA,NA,NA,18,0.96,NA,0.34977419491525186,0.22023910451573928,0.21180277008310247,19,NA,NA,FALSE,FALSE,0.002858195480990755,0.002858195480990755,FALSE,0.011249917294938294,0.25
livingston2012,NA,stats,far,done,2016-2017,social,2012,no,no,no,no,yes,between,1,1,84,"F(1,76)=11.53",yes,131,t(123)=-.627,0,0,NA,1,76,NA,11.53,0.0010916368370239274,0.7689486662203473,0.05507232084155161,78,NA,NA,NA,123,0.627,NA,0.5318213364547926,0.11216116975138944,0.032050320512,125,NA,NA,FALSE,FALSE,0,0,FALSE,0.0027641139787744073,0
maddux2008,NA,stats,close,done,2022-2023,social,2008,no,no,no,no,yes,between,1,1,40,"MSD2:m1=62.11(22.91),m2=78.57(17.90)",yes,77,"MSD2:m1=71.2(17.4),m2=79.9(17.5)",1,1,NA,38,NA,-5.000084267414199,NA,1.3272924035948943e-5,0.8006542626108974,0.1080130906029625,NA,16.459999999999994,3.291944519269533,75,NA,-4.3463914196078255,NA,4.2896295180807434e-5,0.49856528860902105,0.053562125629907774,NA,8.700000000000003,2.0016604948996983,FALSE,FALSE,0.043993243892788136,0.012223440329052648,TRUE,0.21220037328378027,1
mani2013,NA,stats,close,done,2021-2022,non-psych,2013,no,no,no,no,yes,between,0,4,101,"F(1,97)=7.86",yes,45,"F(1,41)=1.268",0,0,NA,1,97,NA,7.86,0.006104594790676638,0.5635386034476765,0.04200795837159474,99,NA,NA,1,41,NA,1.268,0.2666904240174115,0.34344357378191404,0.09439480800432666,43,NA,NA,FALSE,FALSE,0.033153109753034204,0.033153109753034204,TRUE,0.3470055052471166,0
markant2014,exp,stats,close,done,2014-2015,cognitive,2014,no,no,no,no,yes,between,0,256,30,t(57)=1.82,yes,48,t(45)=2.36,1,1,NA,NA,57,1.82,NA,0.07401108343378567,0.4738876359701989,0.06969974145360529,59,NA,NA,NA,45,2.36,NA,0.022671305825598776,0.6884827598700622,0.09014902670891806,47,NA,NA,TRUE,TRUE,0.059670870592585024,0.059670870592585024,TRUE,0.36909417654376364,1
monin2008,exp,stats,close,done,2011-2012,social,2008,yes,no,no,no,yes,between,1,1,67,"MSD2:m1=2.54(1.95),m2=.02(2.38)",no,75,"MSD2:m1=.02(1.88),m2=.27(1.72)",0,0,NA,65,NA,9.409869739945805,NA,9.455285574501594e-14,1.1582748962112348,0.06971343832233691,NA,2.52,0.2678039196762052,73,NA,-1.193589126317875,NA,0.2365032572588248,-0.13875191756475122,0.05346168063085264,NA,-0.25,0.20945231025288372,FALSE,FALSE,4.440892098500626e-16,0,FALSE,1.2135443983041228e-8,0
okonofua2022,NA,stats,very close,done,2022-2023,social,2016,yes,no,no,no,yes,between,1,1,300,"MSD2:m1=5.23(1.14),m2=2.47(1.09)",yes,12,"MSD2:m1=4.041667(1.32662),m2=2.818182(1.621821)",0.75,0.75,NA,298,NA,42.79181141868738,NA,2.8365796087321174e-129,2.474714350931037,0.02354035186450671,NA,2.7600000000000002,0.06449832125579745,10,NA,2.738839929629144,NA,0.020874271246719506,0.8257913097657507,0.36174713697019306,NA,1.2234850000000002,0.44671650459166035,FALSE,FALSE,6.634002055114774e-4,5.400414178291513e-6,FALSE,8.288848867565868e-5,0.75
otto2014,NA,exp,close,done,2014-2015,cognitive,2014,no,no,no,no,yes,within,0,200,45,bseb=-.06(.03),NA,45,NA,0.75,0.25,0.5,NA,NA,NA,NA,NA,NA,NA,NA,0.06,0.03,NA,NA,NA,NA,NA,NA,NA,NA,NA,NA,NA,NA,NA,NA,NA,NA,0.5
payne2008,NA,stats,far,done,2018-2019,other-psych,2008,no,no,no,no,yes,between,0,192,48,"F(1,46)=11.5",yes,23,"F(1,21)=2.34",0,0,NA,1,46,NA,11.5,0.0014385441531672275,0.978945010372561,0.09331597222222222,48,NA,NA,1,21,NA,2.34,0.14101440312110838,0.637931439685434,0.18275992438563327,23,NA,NA,TRUE,TRUE,0.09654894447980533,0.09654894447980533,TRUE,0.24546472034503797,0
ranzini2009,NA,exp,close,cannot tell direction in rep,2014-2015,other-psych,2009,no,no,no,no,yes,within,0,264,15,"F(1,14)=4.1",NA,17,"F(1,16)=0.24",0,0,NA,1,14,NA,4.1,0.06239142763501336,0.541162769282166,0.2591517857142857,16,NA,NA,1,16,NA,0.24,0.6308554417427774,NA,0.2226388888888889,18,NA,NA,NA,NA,NA,NA,NA,NA,0
read2012,NA,exp,close,done,2014-2015,cognitive,2012,no,no,no,no,yes,between,0,9,277,NA,yes,292,NA,0.75,1,1,NA,NA,NA,NA,NA,NA,NA,NA,NA,NA,NA,NA,NA,NA,NA,NA,NA,NA,NA,NA,NA,NA,NA,NA,NA,NA,1
richter2012,exp,stats,very close,done,2012-2013,cognitive,2012,no,no,no,no,yes,within,0,240,18,t(17)=-2.60,yes,45,t(44)=3.32,0,0,NA,NA,17,2.6,NA,0.018680059409174287,0.6128258770283412,0.23265432098765432,18,NA,NA,NA,44,3.32,NA,0.0018156286626921636,0.4949163790199534,0.09161046913580247,45,NA,NA,TRUE,TRUE,0.6372404405360899,0.6372404405360899,TRUE,0.7180241202648201,0
risen2008,NA,exp,close,done,2011-2012,social,2008,no,no,no,no,yes,between,1,1,120,"F(1,116)=4.15",NA,226,NA,0,0,NA,1,116,NA,4.15,0.04391040635552726,0.3750706148203228,0.03449439816144786,118,NA,NA,NA,NA,NA,NA,NA,NA,NA,NA,NA,NA,NA,NA,NA,NA,NA,NA,0
savani2010,exp,stats,very close,done,2014-2015,social,2010,yes,no,no,no,yes,between,1,1,128,t(32)=4.25,yes,63,t(33)=1.16,0,0,NA,NA,32,4.25,NA,1.7265490971033715e-4,1.457737973711325,0.1488970588235294,34,NA,NA,NA,33,1.16,NA,0.25437279963410386,0.3921515741940317,0.11648261224489795,35,NA,NA,FALSE,FALSE,1.73399954395137e-8,1.73399954395137e-8,FALSE,1.6244839690782165e-4,0
schechtman2010,NA,exp,close,done,2018-2019,cognitive,2010,no,no,no,no,yes,within,0,252,39,NA,NA,20,t(1420)=-2.384,0.5,0.75,0.5,NA,NA,NA,NA,NA,NA,NA,NA,NA,NA,NA,1420,2.384,NA,0.01725631274976217,NA,0.0028163263959081653,1421,NA,NA,NA,NA,NA,NA,NA,NA,0.5
schnall2008,NA,stats,very close,done,2012-2013,social,2008,no,no,no,no,yes,between,1,6,40,"MSD2:m1=4.98(1.26),m2=5.81(1.47)",yes,90,"MSD2:m1=6.50(1.92),m2=6.67(1.51)",0.25,0,0,38,NA,-3.786139715010079,NA,5.296717025235537e-4,0.6062675626126827,0.10459450446845404,NA,0.8299999999999992,0.21922064753962459,88,NA,-0.9285367563190019,NA,0.3556691533650953,0.09842469932061243,0.044498263452424185,NA,0.16999999999999993,0.1830837593052653,FALSE,FALSE,0.020844855417902375,7.901828092293783e-6,FALSE,0.033441307386640196,0
sheppes2011,NA,stats,close,done,2021-2022,other-psych,2011,yes,no,no,no,yes,within,0,30,20,"F(1,19)=47.54",yes,17,"F(1,16)=158.92",1,1,NA,1,19,NA,47.54,1.4151358542768528e-6,1.5818044326521197,0.2500501253132832,21,NA,NA,1,16,NA,158.92,1.0040915008062433e-9,3.151586901863885,0.49812500000000004,18,NA,NA,FALSE,FALSE,0.004855833864463088,0.004855833864463088,FALSE,0.008399380765949482,1
sherman2012,NA,pred_int,very close,done,2012-2013,social,2012,no,no,no,no,yes,mixed,0,144,122,bse:b=-0.04(0.02),yes,137,bseb=-.08(.04),0.5,0.5,NA,NA,NA,NA,NA,NA,NA,NA,NA,0.04,0.02,NA,NA,NA,NA,NA,NA,NA,NA,0.08,0.04,TRUE,NA,0.37109336952269745,NA,NA,NA,0.5
storm2015,NA,stats,close,done,2015-2016,cognitive,2015,no,no,no,no,yes,mixed,0,6,48,"F(1,46)=7.89",yes,51,"F(1,46)=.206",0.5,0.5,NA,1,46,NA,7.89,0.007272955018957669,0.4141518310118099,0.08512001811594203,48,NA,NA,1,46,NA,0.206,0.6520550107912432,0.06691980924633018,0.08337998188405797,48,NA,NA,FALSE,FALSE,0.0035665999219207656,0.0035665999219207656,TRUE,0.15040079778376603,0.5
störmer2016,NA,stats,close,done,2016-2017,cognitive,2016,no,no,no,no,yes,within,0,1200,16,t(15)=2.51,yes,39,t(38)=-1.75,0.75,0.9,0.75,NA,15,2.51,NA,0.02402664114893714,0.6275,0.2623048828125,16,NA,NA,NA,38,1.75,NA,0.08819026351995418,0.2802242691589025,0.10357084155161078,39,NA,NA,TRUE,TRUE,0.21816514707805257,0.21816514707805257,TRUE,0.3233150903142392,0.75
suppes1965,NA,exp,very close,done,2017-2018,cognitive,1965,no,no,no,no,yes,within,0,8,157,NA,NA,26,NA,0.5,0.5,NA,NA,NA,NA,NA,NA,NA,NA,NA,NA,NA,NA,NA,NA,NA,NA,NA,NA,NA,NA,NA,NA,NA,NA,NA,NA,NA,0.5
tamir2012,NA,stats,very close,done,2012-2013,social,2012,no,no,no,no,yes,within,0,195,37,t(36)=3.32,yes,19,t(18)=-0.04,0.25,0.25,NA,NA,36,3.32,NA,0.0020702977651605513,0.5458046378537862,0.11213382030679328,37,NA,NA,NA,18,0.04,NA,0.9685334559246237,0.00917662935482247,0.21052853185595566,19,NA,NA,FALSE,FALSE,0.024465731065272278,0.024465731065272278,TRUE,0.09130064910685287,0.25
todd2016_2,NA,stats,close,done,2017-2018,social,2016,no,no,no,no,yes,within,0,288,62,"MSD4:m1=30.45(15.67713),m2=32.9(15.67498),m3=35.7(16.33677),m4=29.4(16.11366)",yes,14,"MSD4:m1=7.496705(6.881618),m2=13.51093(11.64632),m3=10.37363(11.09211),m4=11.48335(13.08902)",1,0.9,0.75,61,NA,-4.2837721997803735,NA,6.624695290519937e-5,0.5484808268031574,0.06694218723686028,NA,8.750000000000007,2.042592274269069,13,NA,-1.6187446492917053,NA,0.12949637917831502,0.44895898730032435,0.29291300615277616,NA,4.904505000000002,3.029820053549525,TRUE,TRUE,0.292617882825734,0.7404738297926914,TRUE,0.7860149622959685,0.75
tribushinina2011,NA,stats,close,done,2016-2017,non-psych,2011,no,no,no,no,yes,within,0,48,20,"MSD2:m1=1.65(.9),m2=2.6(1.3)",yes,35,"MSD2:m1=2.065805(0.9357695),m2=3.059859(1.2454133)",1,1,NA,19,NA,-3.7037818510274074,NA,0.0015066984673950943,0.8497058314499202,0.21805000000000002,NA,0.9500000000000002,0.2564945880212885,34,NA,-5.262046750186386,NA,7.848264313906113e-6,0.9024335726107018,0.12591980504249878,NA,0.9940539999999998,0.1889101422302623,TRUE,TRUE,0.8900082594892522,0.8341313328684594,TRUE,0.8722376092865329,1
verdugo2022,NA,stats,close,done,2022-2023,cognitive,2020,no,no,no,no,yes,within,0,232,34,"MSD2:m1=2.94(.33),m2=2.78(.3)",yes,31,"MSD2:m1=3.045977(.9111772),m2=2.940476(.9737666)",0.25,0.5,0.5,33,NA,2.9145704598292377,NA,0.006352567590246201,0.5073615937647941,0.12143258510040518,NA,0.16000000000000014,0.054896597013260884,30,NA,0.612786946796259,NA,0.5446349478693087,0.11187907790167637,0.12923414400116337,NA,0.10550100000000029,0.17216587355780857,TRUE,FALSE,0.7629653812691131,0.025737050743210643,TRUE,0.15019097233812762,0.5
vohs2006,NA,stats,close,done,2012-2013,social,2006,no,no,no,no,yes,between,1,1,40,t(38)=2.13,yes,86,t(85)=-0.58,0.5,0,0.25,NA,38,2.13,NA,0.03970673532974176,0.6735651416158647,0.105671125,40,NA,NA,NA,85,0.58,NA,0.5634489365978264,0.12436505404118418,0.04606590038314176,87,NA,NA,FALSE,FALSE,1.8956944429771028e-6,1.8956944429771028e-6,FALSE,0.021874071999320455,0.25
wal2021,NA,stats,close,done,2022-2023,other-psych,2021,no,yes,no,no,yes,between,0,256,321,t(556)=6.55,yes,47,t(65)=1.595,0.75,0.75,NA,NA,556,6.55,NA,1.3118148739243166e-10,0.5545672212341652,0.007444036561709125,558,NA,NA,NA,65,1.595,NA,0.11556344441658645,0.3897205274966136,0.06083494096680775,67,NA,NA,FALSE,FALSE,0.007152152377750687,0.007152152377750687,TRUE,0.4511209458181078,0.75
wilson2014,NA,stats,very close,done,2014-2015,social,2014,no,no,no,no,yes,between,1,1,30,t(28)=4.83,yes,52,t(49)=6.00,1,1,NA,NA,28,4.83,NA,4.414386365250765e-5,1.7636666351666348,0.18517533333333333,30,NA,NA,NA,49,6,NA,2.3404303906210566e-7,1.6803361008336117,0.10611303344867358,51,NA,NA,TRUE,TRUE,0.6962070641149878,0.6962070641149878,TRUE,0.7807741548319098,1
wiltermuth2011,NA,pred_int,very close,done,2016-2017,non-psych,2011,no,no,no,no,yes,between,1,1,127,"prop22/60,15/67",yes,36,"prop:11/19,9/17",0,0,NA,NA,NA,NA,NA,NA,NA,NA,NA,0.14278606965174126,0.08039760244717155,NA,NA,NA,NA,NA,NA,NA,NA,0.049535603715170295,0.16578557092474472,TRUE,NA,0.6127835492643599,NA,NA,NA,0
xu2015,no,stats,close,done,2015-2016,cognitive,2015,no,no,no,no,yes,within,0,180,12,"F(1,11)=32.04",yes,30,"F(1,26)=3.645357",0.5,0.9,0.75,1,11,NA,32.04,1.465382813315575e-4,1.7066714015085835,0.4197202797202797,13,NA,NA,1,26,NA,3.645357,0.06731991547686209,0.37444096792623865,0.14536082211538462,28,NA,NA,FALSE,FALSE,0.0027059131041913265,0.0027059131041913265,FALSE,0.006697233522700241,0.75
zangger2020,NA,pred_int,far,done,2022-2023,non-psych,2020,no,no,no,no,yes,between,1,1,540,bseb=1.025(.003),yes,250,bseb=1.037(.006),1,1,NA,NA,NA,NA,NA,NA,NA,NA,NA,1.025,0.003,NA,NA,NA,NA,NA,NA,NA,NA,1.037,0.006,TRUE,NA,0.07363827012030244,NA,NA,NA,1
zhao2016,NA,stats,close,done,2017-2018,cognitive,2016,no,no,no,no,yes,within,0,320,22,"F(1,21)=22.80",yes,14,"F(1,13)=29.83",0.5,1,0.75,1,21,NA,22.8,1.0214675253670852e-4,1.0419761445034554,0.19751552795031055,23,NA,NA,1,13,NA,29.83,1.0902720841884807e-4,1.5147987934426754,0.34315384615384614,15,NA,NA,TRUE,TRUE,0.23240624253543984,0.23240624253543984,TRUE,0.29143468620123736,0.75
zitek2012,NA,stats,very close,done,2014-2015,social,2012,no,no,no,no,yes,within,0,92,94,"MSD2:m1=459.32(63.06),m2=460.77(66.608)",yes,243,"MSD2:m1=572.1(179.3),m2=572.15(179.763)",0,0,NA,93,NA,-0.21559771061640207,NA,0.829773477380528,0.022356441140367795,0.042555850055640755,NA,1.4499999999999886,6.725488855398248,242,NA,-0.00433248100002879,NA,0.9965467603884997,2.7850242677111207e-4,0.01646090550939013,NA,0.049999999999954525,11.54073151148782,TRUE,TRUE,0.9165260550690006,0.6284833118057673,TRUE,0.9181725606231099,0
aryani2020,NA,stats,close,done,2020-2021,other-psych,2020,no,no,yes,no,yes,within,0,58,28,"MSE2:m1=3.45(.039),m2=2.43(.037)",yes,25,"MSE2:m1=3.79(.153),m2=2.73(.147)",1,1,NA,27,NA,38.670203198129386,NA,3.509014661654928e-25,7.442084075352509,1.131868131868132,NA,1.02,0.02637689786045244,24,NA,10.206679209924012,NA,3.2915493119722124e-10,2.083429669382265,0.24681358374524587,NA,1.06,0.1038535627698925,TRUE,FALSE,0.7089210776779906,3.734281263545469e-6,FALSE,5.327202713178991e-6,1
birch2007_2,NA,stats,very close,done,2018-2019,cognitive,2007,no,no,yes,no,yes,between,1,1,155,t(105)=-2.42,yes,73,t(70.25)=-0.65,0,0,NA,NA,105,2.42,NA,0.01723819923940708,0.46790046069810115,0.038406218883745305,107,NA,NA,NA,70.25,0.65,NA,0.5178122069441375,0.15294117647058825,0.055525197255779986,72.25,NA,NA,FALSE,FALSE,3.084309160072962e-6,3.084309160072962e-6,TRUE,0.15334041230013096,0
bourrat2011,NA,exp,close,done,2020-2021,other-psych,2011,no,no,yes,no,yes,between,1,2,91,NA,yes,90,NA,0,0,NA,NA,NA,NA,NA,NA,NA,NA,NA,NA,NA,NA,NA,NA,NA,NA,NA,NA,NA,NA,NA,NA,NA,NA,NA,NA,NA,0
catarino2015,exp,stats,close,done,2020-2021,other-psych,2015,no,no,yes,no,yes,within,0,60,18,"F(1,15)=33.548",yes,11,"MSE2:m1=3.06(.215),m2=2.96(.217)",0,0,NA,1,15,NA,33.548,3.552119843161923e-5,1.4955043742274152,0.30107450980392153,17,NA,NA,10,NA,0.6901370415236031,NA,0.5058087592217247,0.2182404948864787,0.3658013142549225,NA,0.10000000000000009,0.14489875775865022,FALSE,FALSE,0.007018461655143193,0.007018461655143193,FALSE,0.013713069872609118,0
child2018,NA,stats,very close,done,2020-2021,other-psych,2018,no,no,yes,no,yes,within,0,24,35,"MSD2:m1=2201(1284),m2=2350(1351)",yes,40,"MSD2:m1=1860(1510),m2=1.96(1.49)
",0.75,0.25,0.5,34,NA,-0.6592266506200769,NA,0.5141907095054434,0.11305643786957817,0.11446831083062511,NA,149,226.02241559841175,39,NA,10.867388722585188,NA,2.3039353399823085e-13,1.7401748928297904,0.13785260822043965,NA,1858.04,170.97391539317277,FALSE,FALSE,1.63567115407659e-9,0,FALSE,3.7653922202451895e-9,0.5
cohen2011,NA,exp,very close,done,2014-2015,cognitive,2011,no,no,yes,no,yes,within,1,1,30,NA,yes,28,NA,1,1,NA,NA,NA,NA,NA,NA,NA,NA,NA,NA,NA,NA,NA,NA,NA,NA,NA,NA,NA,NA,NA,NA,NA,NA,NA,NA,NA,1
durso2016,NA,exp,close,done,2018-2019,social,2016,no,yes,yes,no,yes,between,1,1,126,NA,NA,103,NA,0,0,NA,NA,NA,NA,NA,NA,NA,NA,NA,NA,NA,NA,NA,NA,NA,NA,NA,NA,NA,NA,NA,NA,NA,NA,NA,NA,NA,0
endress2009,NA,stats,very close,done,2012-2013,cognitive,2009,no,no,yes,no,yes,within,0,20,20,"MSD1:m1=53(10.7),comp=50",no,80,"MSD1:m1=49.9(11),comp=50",1,1,NA,19,NA,1.2221211991235537,NA,0.23660747208798455,0.28037383177570097,0.20196523713861475,NA,3,2.4547483524150104,79,NA,-0.08080176743014286,NA,0.9358039553607747,-0.00909090909090922,0.05000051652892562,NA,-0.10000000000000142,1.2375966910186262,TRUE,TRUE,0.2594675882066224,0.1641528763505249,TRUE,0.3274885480807468,1
garciacastro2020,NA,stats,close,done,2022-2023,social,2020,no,yes,yes,no,yes,between,1,1,372,"MCI2:m1=5.50[5.31,5.68],m2=5.18[5.00,5.37]",yes,118,"MCI2:m1=5.79[5.39,6.19],m2=5.63[5.19,6.06]",0,0,NA,370,NA,4.801040967941369,NA,2.295360567130265e-6,0.24925762755526293,0.010836195382922686,NA,0.3200000000000003,0.06665221191337023,116,NA,1.0659021124784613,NA,0.2886814205122089,0.0985426851581148,0.03393945195253462,NA,0.16000000000000014,0.15010759255178158,TRUE,FALSE,0.32996538837553135,2.333659705056057e-5,TRUE,0.4792064423063147,0
gick1983,NA,pred_int,very close,done,2018-2019,cognitive,1983,no,no,yes,no,yes,between,1,1,143,"prop45/73,28/70",yes,175,"prop:32/82,13/93",1,1,NA,NA,NA,NA,NA,NA,NA,NA,NA,0.21643835616438356,0.08165478817252128,NA,NA,NA,NA,NA,NA,NA,NA,0.2504589562024653,0.064767517980732,TRUE,NA,0.7441045629487997,NA,NA,NA,1
gray2007,NA,exp,close,done,2014-2015,social,2007,no,no,yes,no,yes,mixed,0,78,1800,NA,NA,54,NA,1,1,NA,NA,NA,NA,NA,NA,NA,NA,NA,NA,NA,NA,NA,NA,NA,NA,NA,NA,NA,NA,NA,NA,NA,NA,NA,NA,NA,1
greene2008,NA,exp,very close,done,2012-2013,cognitive,2008,no,no,yes,no,yes,within,0,40,82,"F(1,62.9)=8.5",yes,25,NA,0,0,NA,1,62.9,NA,8.5,0.004915603368500623,0.36760731104690386,0.062674384708283,64.9,NA,NA,NA,NA,NA,NA,NA,NA,NA,NA,NA,NA,NA,NA,NA,NA,NA,NA,0
krauss2003,NA,exp,close,done,2018-2019,cognitive,2003,no,no,yes,no,yes,between,1,1,101,NA,no,19,NA,0,0,NA,NA,NA,NA,NA,NA,NA,NA,NA,NA,NA,NA,NA,NA,NA,NA,NA,NA,NA,NA,NA,NA,NA,NA,NA,NA,NA,0
li2020,NA,stats,far,done,2021-2022,cognitive,2020,yes,no,yes,no,yes,between,0,50,793,"MSE2:m1=1.61(.02),m2=2.66(.06)",yes,37,"MSE2:m1=1.585200(0.0960001),m2=1.893182(0.1916497)",0.5,0.75,0.5,791,NA,-33.224897370943594,NA,3.263116355152226e-152,1.1805953200544685,0.005922954167550135,NA,1.05,0.03160280642185712,35,NA,-2.9144087953709503,NA,0.006174830360554366,0.4857347992284917,0.11129646344839923,NA,0.307982,0.10567563496554695,FALSE,FALSE,1.7287060671833387e-11,4.53201698391581e-10,FALSE,0.0034697544722490647,0.5
long2017,NA,stats,very close,done,2019-2020,cognitive,2017,yes,yes,yes,no,yes,within,0,480,16,"F(1,15)=14.3",yes,16,"F(1,15)=13.201595",1,1,NA,1,15,NA,14.3,0.0018103119797845122,0.9763879010584541,0.2633333333333333,17,NA,NA,1,15,NA,13.201595,0.0024518702851406564,0.938139826109804,0.2611795980392157,17,NA,NA,TRUE,TRUE,0.9178636210080988,0.9178636210080988,TRUE,0.9284946849731015,1
mirault2018,exp,pred_int,far,done,2020-2021,cognitive,2018,no,yes,yes,no,yes,within,0,160,94,bse:b=.03(.004),yes,24,bseb=0.0548801(0.0136369),1,1,NA,NA,NA,NA,NA,NA,NA,NA,NA,0.03,0.004,NA,NA,NA,NA,NA,NA,NA,NA,0.0548801,0.0136369,TRUE,NA,0.0799960097859509,NA,NA,NA,1
morris2008,exp,stats,very close,done,2011-2012,cognitive,2008,no,no,yes,no,yes,within,0,48,24,"F(1,23)=92.34",yes,35,"F(1,34)=24.61",0,0,NA,1,23,NA,92.34,1.6125758917430492e-9,2.0036922440074605,0.24029565217391305,25,NA,NA,1,34,NA,24.61,1.930568266665211e-5,0.8507781904890162,0.1211642156862745,36,NA,NA,FALSE,FALSE,1.8348221329844705e-5,1.8348221329844705e-5,FALSE,7.315585546727732e-4,0
ngo2019,NA,stats,very close,done,2021-2022,cognitive,2019,no,yes,yes,no,yes,within,0,144,31,"MSE1:m1=.07(.01),comp=0",yes,12,"MSE1:m1=.04(.07),comp=0",0,0,NA,30,NA,7.000000000000001,NA,8.869958667220604e-8,1.2780193008453877,0.15537634408602152,NA,0.07,0.01,11,NA,0.5714285714285714,NA,0.5791975568762442,0.1722921969015792,0.33457019171304886,NA,0.04,0.07,TRUE,FALSE,0.6713732405408726,0.002722459310511738,FALSE,0.00918933763867713,0
reinecke2013,NA,exp,very close,done,2018-2019,non-psych,2013,no,yes,yes,no,yes,within,0,65,184,NA,NA,82,NA,0,0.5,0.25,NA,NA,NA,NA,NA,NA,NA,NA,NA,NA,NA,NA,NA,NA,NA,NA,NA,NA,NA,NA,NA,NA,NA,NA,NA,NA,0.25
reis2018,NA,stats,close,done,2022-2023,social,2018,no,yes,yes,no,yes,between,0,16,350,"MSD2:m1=12.27(4.38),m2=10.51(5.04)",no,208,"MSD2:m1=12.3(4.38),m2=10.5(5.04)",0,0,NA,348,NA,6.9637171581735675,NA,1.6609766089693626e-11,0.3727592333054192,0.011627070637163492,NA,1.7599999999999998,0.2527385819991589,206,NA,5.484959432464125,NA,1.2046894091833278e-7,-0.38123103406236075,0.019580137262817925,NA,-1.8000000000000007,0.32817015734815536,FALSE,FALSE,0,0,FALSE,3.576573002035399e-4,0
semrow2020,NA,stats,very close,done,2019-2020,social,2020,no,yes,yes,no,yes,mixed,1,2,101,"F(1,98)=22.39",yes,104,"F(1,100)=2.778",0.75,1,0.75,1,98,NA,22.39,7.487351673437247e-6,0.4779847149806174,0.04114234693877551,100,NA,NA,1,100,NA,2.778,0.09869667192376513,0.16667333320000532,0.03935186274509804,102,NA,NA,FALSE,FALSE,4.548369614276737e-8,4.548369614276737e-8,TRUE,0.15249117652758648,0.75
shariff2014,NA,stats,very close,done,2014-2015,social,2014,no,no,yes,no,yes,between,1,1,88,"MSD2:m1=3.10(1.48),m2=3.83(1.77)",yes,64,"MSD2:m1=3.12(1.78),m2=3.35(1.87)",0.5,0,0,86,NA,-4.173563381588134,NA,7.148536333053842e-5,0.4474529616340653,0.0465921258686085,NA,0.73,0.17491048613767995,62,NA,-1.0000075015096788,NA,0.32119388126594706,0.1259891027711266,0.06262400979700838,NA,0.22999999999999998,0.22999827466571646,TRUE,FALSE,0.08355971223024072,3.8147200087434996e-5,TRUE,0.15132435042511583,0
shavit2022,NA,pred_int,very close,done,2022-2023,other-psych,2022,yes,no,yes,no,yes,between,1,1,555,"bci:b=-.42[-.88,-.02]",no,150,bse:b=.2664(.3766),0,0,NA,NA,NA,NA,NA,NA,NA,NA,NA,0.42,0.2193877551020408,NA,NA,NA,NA,NA,NA,NA,NA,-0.2664,0.3766,TRUE,NA,0.11528382153921046,NA,NA,NA,0
sofer2015,NA,exp,far,done,2015-2016,social,2015,no,no,yes,no,yes,mixed,0,33,48,NA,yes,95,t(16)=-12.435,0,0.5,0.5,NA,NA,NA,NA,NA,NA,NA,NA,NA,NA,NA,16,12.435,NA,1.2261578414023213e-9,3.0159304973268006,0.5028187283737025,17,NA,NA,NA,NA,NA,NA,NA,NA,0.5
tarampi2016,NA,stats,close,done,2018-2019,cognitive,2016,no,no,yes,no,yes,between,1,2,139,"MSD4:m1=11.59(5.29),m2=7.69(3.80),m3=14.06(6.46),m4=14.06(5.32)",no,212,"MSD4:m1=5.81(2.99),m2=5.21(3.60),m3=7.41(3.51),m4=6.64(3.92)",0,0.25,0,137,NA,8.670293621619422,NA,1.0952800563583815e-14,0.7380644068999455,0.03073647147026104,NA,3.9000000000000004,0.4498117561180778,210,NA,-0.7018514069899479,NA,0.48354895640124507,-0.04831744347099055,0.018873430602225405,NA,-0.17000000000000082,0.24221651236560907,FALSE,FALSE,1.5543122344752192e-15,0,FALSE,2.2369510129194303e-4,0
"the original doesn't give adults stats, the t test we're using is from the replication based on the raw data, for French adults only. Also, student screwed up and used original data for both (wrong variable name in a couple places). I fixed it and ran their code.",exp,stats,far,done,2016-2017,non-psych,2017,no,yes,yes,no,yes,within,0,13,41,t(19)=35.184,yes,20,t(19)=6.8694,1,1,NA,NA,19,35.184,NA,9.217199004485226e-19,7.867381572035259,1.7473923199999997,20,NA,NA,NA,19,6.8694,NA,1.4895160521532963e-6,1.5360445364637054,0.25898582045,20,NA,NA,FALSE,FALSE,3.381735038885392e-4,3.381735038885392e-4,FALSE,3.721392553541758e-4,1
todd2016_1,NA,stats,very close,done,2016-2017,social,2016,no,no,yes,no,yes,within,0,144,63,"MSD4:m1=255.8(35),m2=296.6(30.7),m3=261.9(37.4),m4=287.7(30.7)",no,26,"MSE4:m1=449.6(8.9),m2=435(20.7),m3=447.5(8.6),m4=433.7(23)",0,0,NA,62,NA,-3.54647861964451,NA,7.499719921575077e-4,0.45040323509831304,0.06510208789037322,NA,15,4.2295475621684595,25,NA,0.10235712445640471,NA,0.9192898159403892,-0.020471424891280943,0.15385421306225153,NA,-0.8000000000000114,7.815772514601484,TRUE,FALSE,0.07541764732230494,0.0048236883565457855,TRUE,0.07930521148028924,0
vohs2013,exp,stats,close,done,2022-2023,social,2014,no,no,yes,no,yes,between,1,1,87,"F(1,83)=7.55",yes,120,"F(1,36)=.56",0,0,NA,1,83,NA,7.55,0.007359640707096019,0.5960655313361601,0.04914878892733564,85,NA,NA,1,36,NA,0.56,0.45912152522411565,0.24279079146675364,0.1060387811634349,38,NA,NA,FALSE,FALSE,0.002505595883913747,0.002505595883913747,TRUE,0.1415779709971383,0
alais2004,NA,exp,close,done,2021-2022,cognitive,2004,no,no,no,no,no,within,0,3750,5,NA,NA,3,NA,0.5,0.5,NA,NA,NA,NA,NA,NA,NA,NA,NA,NA,NA,NA,NA,NA,NA,NA,NA,NA,NA,NA,NA,NA,NA,NA,NA,NA,NA,0.5
brady2011,NA,stats,close,done,2012-2013,cognitive,2011,no,no,no,yes,yes,within,0,30,21,t(20)=4.17,yes,19,t(18)=5.08,1,1,NA,NA,20,4.17,NA,4.72742551296817e-4,0.9099686022840883,0.21019149659863945,21,NA,NA,NA,18,5.08,NA,7.810616490616762e-5,1.1654319280624537,0.2462692520775623,19,NA,NA,TRUE,TRUE,0.4301005208017976,0.4301005208017976,TRUE,0.5079898593342165,1
chou2016,NA,stats,close,done,2017-2018,other-psych,2016,no,no,no,yes,yes,between,1,1,100,"MSD2:m1=13.75(21.49),m2=6.57(11.62)",no,158,"MSD2:m1=18.51(24.33),m2=23.10(23.88)",0,0,NA,98,NA,4.135484917987658,NA,7.483585488227823e-5,0.41563187270117385,0.040863749268025426,NA,7.18,1.736193008169357,156,NA,-2.385813311897317,NA,0.018240723614277837,-0.1904086313013509,0.025431188123019158,NA,-4.59,1.9238722397561794,FALSE,FALSE,5.576373440341342e-6,0,FALSE,0.004908630159427663,0
dale2011,NA,exp,very close,done,2012-2013,cognitive,2011,no,no,no,yes,yes,within,0,12,60,"F(1,655)=6.9",yes,55,bseb=.26(.25),0.5,0.5,NA,1,655,NA,6.9,0.00882118543451571,0.1026369872172706,0.006096297070886635,657,NA,NA,NA,NA,NA,NA,NA,NA,NA,NA,0.26,0.25,NA,NA,NA,NA,NA,NA,0.5
dubey2020,NA,exp,close,done,2021-2022,cognitive,2020,no,no,no,yes,yes,between,0,40,253,NA,NA,221,NA,0.5,0.5,0.5,NA,NA,NA,NA,NA,NA,NA,NA,NA,NA,NA,NA,NA,NA,NA,NA,NA,NA,NA,NA,NA,NA,NA,NA,NA,NA,0.5
exline2008,NA,exp,very close,cannot tell direction in rep,2011-2012,social,2008,no,no,no,no,no,between,1,1,155,"F(1,151)=9.40",NA,135,"F(1,131)=0.018",0,0,NA,1,151,NA,9.4,0.0025714773632988168,0.49573343037052503,0.026946900764663165,153,NA,NA,1,131,NA,0.018,0.8934787320948158,NA,0.03007722313302052,133,NA,NA,NA,NA,NA,NA,NA,NA,0
forwood2013,NA,stats,close,done,2014-2015,social,2013,no,no,no,yes,yes,between,1,1,430,"F(1,431)=4.63",yes,36,"F(1,35)=4.240",0.75,1,1,1,431,NA,4.63,0.03197245671365771,0.20681238499327131,0.009287264852871369,433,NA,NA,1,35,NA,4.24,0.04698335889640365,0.6770364675395103,0.11430241051862675,37,NA,NA,FALSE,FALSE,4.125309756308759e-5,4.125309756308759e-5,FALSE,0.049388236901583005,1
freeman2011,NA,exp,close,done,2014-2015,non-psych,2011,no,no,no,no,no,within,0,288,5,NA,NA,5,NA,1,1,NA,NA,NA,NA,NA,NA,NA,NA,NA,NA,NA,NA,NA,NA,NA,NA,NA,NA,NA,NA,NA,NA,NA,NA,NA,NA,NA,1
gibson2013,NA,exp,close,done,2014-2015,cognitive,2013,no,no,no,yes,yes,within,0,60,180,NA,yes,179,NA,1,1,NA,NA,NA,NA,NA,NA,NA,NA,NA,NA,NA,NA,NA,NA,NA,NA,NA,NA,NA,NA,NA,NA,NA,NA,NA,NA,NA,1
gray2014,NA,stats,exact,done,2012-2013,social,2014,no,no,no,yes,yes,between,1,1,165,"F(1,161)=7.00",no,145,"F(1,141)=.27",0,0,NA,1,161,NA,7,0.008959276869690818,0.4144624724921359,0.02506680718130152,163,NA,NA,1,141,NA,0.27,0.6041465303048186,-0.08690481892534817,0.027998435131302263,143,NA,NA,FALSE,FALSE,0,0,FALSE,0.018766876122372045,0
hart2018,exp,stats,close,done,2019-2020,cognitive,2018,no,yes,no,yes,yes,within,0,150,100,t(99)=-6.354,yes,37,t(36)=-6.4501,0.5,0.75,0.5,NA,99,6.354,NA,6.443737363904374e-9,0.6354,0.0420186658,100,NA,NA,NA,36,6.4501,NA,1.7470022528124857e-7,1.060389908018285,0.12330306428414901,37,NA,NA,FALSE,FALSE,0.001104422678190442,0.001104422678190442,TRUE,0.08547635802602893,0.5
hughes2013,NA,stats,very close,done,2017-2018,other-psych,2013,no,no,no,yes,yes,between,1,1,57,t(27)=2.71,yes,60,t(28)=3.26,1,1,NA,NA,27,2.71,NA,0.011546114594318074,1.0064687329196211,0.15539619500594531,29,NA,NA,NA,28,3.26,NA,0.002924094996397682,1.190383691644561,0.1569502222222222,30,NA,NA,TRUE,TRUE,0.405012232010624,0.405012232010624,TRUE,0.5461987377300934,1
konkle2011,exp,stats,very close,done,2022-2023,cognitive,2011,no,no,no,no,no,within,0,16,22,"pear:r=0.9380832,n=1024",yes,22,"pear:r=0.1476,n=352",1,1,NA,NA,NA,NA,NA,0,5.416027914192069,0.01822917889028696,NA,5.416027914192069,0.01822917889028696,NA,NA,NA,NA,0.005395631996879636,0.29846909094331847,0.011490175849784845,NA,0.29846909094331847,0.011490175849784845,FALSE,FALSE,0,0,FALSE,0,1
kouchaki2018,exp,stats,exact,done,2019-2020,social,2018,no,yes,no,yes,yes,between,1,1,156,"MSD2:m1=5.82(1.11),m2=6.23(.65)",yes,119,t(35.386)=3.7832,1,1,NA,154,NA,-5.612006865324446,NA,9.065938230668636e-8,0.4507672388162117,0.026292279178173047,NA,0.41000000000000014,0.07305764405480586,NA,35.386,3.7832,NA,5.749400435464993e-4,1.2374703325945975,0.1274719523892872,37.386,NA,NA,FALSE,FALSE,1.5001813125081753e-9,1.5001813125081753e-9,FALSE,0.0014514771078137922,1
lloyd2017,NA,stats,close,done,2018-2019,social,2017,no,yes,no,yes,yes,within,0,40,58,t(57)=8.30,yes,27,t(24)=3.6168,1,1,NA,NA,57,8.3,NA,2.186760493831644e-11,1.0898433927356972,0.07920481569560048,58,NA,NA,NA,24,3.6168,NA,0.0013787381572457175,0.72336,0.170464993792,25,NA,NA,TRUE,TRUE,0.05120967174544022,0.05120967174544022,TRUE,0.19348405182775474,1
metaxa-kakavouli2018,exp,stats,exact,done,2020-2021,non-psych,2018,yes,no,no,yes,yes,between,1,1,110,t(108)=3.47,yes,98,t(50)=2.68,0.5,0.5,NA,NA,108,3.47,NA,7.490246643891809e-4,0.6617030369364411,0.03835386776859504,110,NA,NA,NA,50,2.68,NA,0.00994269297968994,0.7432982629418071,0.08223550295857988,52,NA,NA,TRUE,TRUE,0.3685340025893509,0.3685340025893509,TRUE,0.7213342799571749,0.5
najemnik2005,NA,exp,close,done,2022-2023,cognitive,2005,no,no,no,no,no,within,0,192,2,NA,NA,2,NA,0.75,0.75,NA,NA,NA,NA,NA,NA,NA,NA,NA,NA,NA,NA,NA,NA,NA,NA,NA,NA,NA,NA,NA,NA,NA,NA,NA,NA,NA,0.75
nook2017,exp,stats,close,done,2020-2021,other-psych,2017,no,no,no,yes,yes,within,0,60,107,t(106)=7.71,yes,56,t(1101.9)=3.5641,0.75,0.5,0.75,NA,106,7.71,NA,7.183322859504081e-12,0.7453538330542065,0.039979216525460735,107,NA,NA,NA,1101.9,3.5641,NA,3.807394241151811e-4,0.10732028379147945,0.0036320235938494348,1102.9,NA,NA,FALSE,FALSE,0,0,FALSE,0.0028430353258639407,0.75
obrien2015,NA,stats,close,done,2017-2018,social,2015,no,no,no,yes,yes,between,1,1,224,"MSD4:m1=6.90(3.57),m2=5.03(3.43),m3=3.45(2.74),m4=4.63(2.97)",no,148,"MSE4:m1=4.8(.6),m2=5.5(.6),m3=3.8(.5),m4=3.7(.5)",0,0,NA,222,NA,14.328696262301017,NA,2.0791975348079446e-33,0.9595204720176548,0.01991223110763612,NA,3.05,0.21285956127247868,146,NA,-2.927166891540173,NA,0.0039689311852333055,-0.2414286561133827,0.027223945256732142,NA,-0.7999999999999998,0.27330180671012844,FALSE,FALSE,0,0,FALSE,1.6380525158510295e-8,0
paxton2012,NA,stats,close,done,2019-2020,cognitive,2012,no,no,no,yes,yes,between,0,3,92,t(90)=2.03,no,82,t(80)=-0.35568,0,0,NA,NA,90,2.03,NA,0.04530897160102231,0.42328426053586177,0.04445200850661626,92,NA,NA,NA,80,0.35568,NA,0.7230163889413335,-0.07855657038860284,0.048818116675312315,82,NA,NA,FALSE,FALSE,2.930988785010413e-14,2.930988785010413e-14,FALSE,0.02262541846728383,0
piff2012,NA,exp,exact,done,2012-2013,social,2012,no,no,no,yes,yes,between,1,1,90,t(84)=-2.34,yes,84,NA,0.5,0,0,NA,84,2.34,NA,0.021655970697692862,0.5046573785920917,0.047992320173066524,86,NA,NA,NA,NA,NA,NA,NA,NA,NA,NA,NA,NA,NA,NA,NA,NA,NA,NA,0
proudfoot2015,NA,stats,close,done,2015-2016,non-psych,2015,no,no,no,yes,yes,between,1,1,80,"F(1,78)=75.02",yes,84,"F(1,82)=76.959",1,1,NA,1,78,NA,75.02,4.901397477433842e-13,1.9367498547824908,0.07344375,80,NA,NA,1,82,NA,76.959,2.03963080148808e-13,1.9143443487821847,0.0694328231292517,84,NA,NA,TRUE,TRUE,0.8245585674291114,0.8245585674291114,TRUE,0.9234109405280824,1
santello1998,NA,exp,far,done,2021-2022,other-psych,1998,no,no,no,no,no,within,0,285,5,NA,NA,5,NA,1,1,NA,NA,NA,NA,NA,NA,NA,NA,NA,NA,NA,NA,NA,NA,NA,NA,NA,NA,NA,NA,NA,NA,NA,NA,NA,NA,NA,1
savani2012,NA,stats,close,done,2012-2013,social,2012,no,no,no,yes,yes,between,0,10,48,t(42)=2.29,yes,51,t(44)=.03,0,0,NA,NA,42,2.29,NA,0.02711074606481743,0.6904609790830787,0.09632654958677686,44,NA,NA,NA,44,0.03,NA,0.9762027197024896,0.008846517369293828,0.08695737240075614,46,NA,NA,FALSE,FALSE,1.500812041310695e-7,1.500812041310695e-7,FALSE,0.0057602492973423125,0
schaerer2015,NA,stats,exact,done,2015-2016,social,2015,no,no,no,yes,yes,between,1,1,288,"MSD2:m1=4.57(1.74),m2=7.61(5.33)",yes,143,"MSD2:m1=4.79(2.50),m2=7.58(3.44)",1,1,NA,286,NA,-12.990098254016049,NA,1.2189256263051874e-30,0.766781255346328,0.01490964148185849,NA,3.04,0.2340244038616218,141,NA,-11.05658291858582,NA,7.479842118007347e-21,0.927847827173882,0.030982173392976552,NA,2.79,0.2523383599204131,TRUE,FALSE,0.4675821312522608,2.806725995840864e-6,TRUE,0.44910644772579067,1
vasilyeva2018,NA,stats,close,done,2021-2022,cognitive,2018,no,no,no,yes,yes,within,0,4,182,"F(1,178)=163.22",yes,13,"F(1,9)=24.167",1,1,NA,1,178,NA,163.22,6.0390587966502245e-27,0.9575835692694562,0.024769350811485645,180,NA,NA,1,9,NA,24.167,8.291670388170297e-4,1.63866476810305,0.48569191919191923,11,NA,NA,TRUE,TRUE,0.16137244747294854,0.16137244747294854,TRUE,0.19853997635040121,1
yeshurun2003,NA,stats,close,done,2019-2020,cognitive,2003,no,no,no,no,no,within,0,864,18,"F(1,17)=8.01",no,10,"F(1,9)=2.061",0,0,NA,1,17,NA,8.01,0.011546984948063777,0.6864229531332962,0.22292569659442724,19,NA,NA,1,9,NA,2.061,0.18493981368621726,-0.47853944456021597,0.37404545454545457,11,NA,NA,FALSE,FALSE,0.0074643843673953825,0.0074643843673953825,FALSE,0.01596221456412783,0
atir2015,NA,stats,exact,done,2015-2016,social,2015,no,no,yes,yes,yes,between,1,1,202,t(199)=13.07,yes,53,t(49)=6.112962,1,1,NA,NA,199,13.07,NA,1.3723749209460541e-28,1.843773439854376,0.028356966411722483,201,NA,NA,NA,49,6.112962,NA,1.5671954926466955e-7,1.711971788604006,0.10716517063701961,51,NA,NA,TRUE,TRUE,0.23445074984720615,0.23445074984720615,TRUE,0.5788661373444872,1
belding2015,NA,stats,exact,done,2021-2022,social,2015,no,no,yes,yes,yes,between,1,1,327,"MSD2:m1=3.95(1.55),m2=3.51(1.74)",yes,292,"MSE2:m1=4.28(.207),m2=4.14(.215)",0,0,NA,325,NA,4.82139330588847,NA,2.193306908518855e-6,0.2670322779257044,0.012341446846260231,NA,0.4400000000000004,0.09125992676486672,290,NA,0.9397883330380159,NA,0.3481082503877051,0.05509136774843255,0.013703827155480124,NA,0.14000000000000057,0.14896971485848118,TRUE,FALSE,0.08593857771057456,0,TRUE,0.3147172387960109,0
brown-iannuzzi2017_1,NA,stats,close,done,2016-2017,social,2017,no,yes,yes,yes,yes,within,1,2,234,"MCI2:m1=2.95[2.78,3.13],m2=3.80[3.65,3.96]",yes,43,"MCI2:m1=3.42[2.98,3.86],m2=3.98[3.62,4.34]",1,1,NA,233,NA,-14.283803849200508,NA,1.145159834365832e-33,0.9357631032575378,0.018965069626961917,NA,0.8499999999999996,0.059507958032311944,42,NA,-3.9081491959299512,NA,3.32641436197561e-4,0.6030405130836473,0.09725183558628125,NA,0.56,0.14329033307715036,TRUE,FALSE,0.06161040179975341,7.851064269555064e-4,TRUE,0.15188532718919,1
brown-iannuzzi2017_2,exp,stats,close,done,2019-2020,social,2017,no,yes,yes,yes,yes,within,1,2,229,"MCI2:m1=4.54[4.41,4.66],m2=3.41[3.24,3.58]",yes,29,"F(1,56)=16.72",1,1,NA,228,NA,21.03860991832778,NA,2.499040780474891e-55,1.3933159792247352,0.021705959427866774,NA,1.13,0.05371077292590518,1,56,NA,16.72,1.3989018176755721e-4,0.5464168999687222,0.07153940886699507,58,NA,NA,FALSE,FALSE,0,0,FALSE,1.4511668300243308e-4,1
cao2019,NA,stats,very close,done,2020-2021,social,2019,no,yes,yes,yes,yes,between,1,1,348,"F(1,344)=84.58",yes,36,"F(1,32)=7.4",1,1,NA,1,344,NA,84.58,3.6251720312700684e-18,0.9888394552241998,0.012973704433826722,346,NA,NA,1,32,NA,7.4,0.010455643601902105,0.9330531792422753,0.13044982698961938,34,NA,NA,TRUE,TRUE,0.6704386271405358,0.6704386271405358,TRUE,0.8217106249377744,1
chopra2019,NA,stats,exact,done,2021-2022,cognitive,2019,yes,yes,yes,yes,yes,within,0,5,202,"pear:r=-.75,n=505",yes,20,"pear:r=-0.5293166,n=50",1,1,NA,NA,NA,NA,NA,1.370257650507804e-92,2.2677868380553634,0.013012729844413012,NA,2.2677868380553634,0.013012729844413012,NA,NA,NA,NA,5.782517894285434e-5,1.2477637592561677,0.09556914398913084,NA,1.2477637592561677,0.09556914398913084,FALSE,FALSE,0,0,FALSE,1.0149852444740759e-5,1
craig2014,exp,stats,exact,done,2021-2022,social,2014,yes,yes,yes,yes,yes,between,1,1,170,"MSE2:m1=.15(.06),m2=-.08(.06)",yes,114,"MSD2:m1=.271(3.51),m2=-.721(3.82)",0,0,NA,168,NA,5.437262431713477,NA,1.8801400529409817e-7,0.41825095628565206,0.024043923124805477,NA,0.22999999999999998,0.04230069872266929,112,NA,2.874675782522519,NA,0.004841252437516128,0.2704267498455881,0.03540846766242126,NA,0.992,0.345082393649806,FALSE,FALSE,0.02839664236058015,5.527297424683386e-4,TRUE,0.4903546288439715,0
franke2016,no,pred_int,exact,done,2020-2021,non-psych,2016,yes,yes,yes,yes,yes,within,0,66,51,bseb=1.28(.12),yes,48,bse:b=.53003(.11921),1,1,NA,NA,NA,NA,NA,NA,NA,NA,NA,1.28,0.12,NA,NA,NA,NA,NA,NA,NA,NA,0.53003,0.11921,FALSE,NA,9.258173726545138e-6,NA,NA,NA,1
greenberg2016,NA,stats,exact,done,2017-2018,non-psych,2016,no,yes,yes,yes,yes,between,0,11,101,t(96)=2.310,yes,28,t(23)=2.233483,0,1,1,NA,96,2.31,NA,0.023030280273431243,0.4666904755831214,0.04192755102040816,98,NA,NA,NA,23,2.233483,NA,0.03553278574600112,0.8933932,0.1759630281961248,25,NA,NA,FALSE,FALSE,0.018328330492312972,0.018328330492312972,TRUE,0.12367708278902989,1
haimovitz2016_1,NA,stats,exact,done,2017-2018,social,2016,yes,no,yes,yes,yes,between,1,1,132,t(131)=3.246,no,97,t(93)=-1.93,0,0,NA,NA,131,3.246,NA,0.0014860289205712617,0.5629277922150586,0.031266495109955335,133,NA,NA,NA,93,1.93,NA,0.056654175114646814,-0.3960276439048695,0.04293072576177285,95,NA,NA,FALSE,FALSE,0,0,FALSE,9.552143167557148e-6,0
haimovitz2016_2,NA,stats,very close,done,2021-2022,social,2016,yes,no,yes,yes,yes,between,1,1,132,t(131)=3.246,yes,115,t(113)=-1.9291,0.5,0.5,NA,NA,131,3.246,NA,0.0014860289205712617,0.5629277922150586,0.031266495109955335,133,NA,NA,NA,113,1.9291,NA,0.05622633678160618,0.3597790051152779,0.03534539535879017,115,NA,NA,FALSE,FALSE,1.6704834329583917e-5,1.6704834329583917e-5,TRUE,0.3452522179841817,0.5
heck2020,NA,stats,exact,done,2020-2021,non-psych,2020,no,yes,yes,yes,yes,within,1,3,301,t(300)=4.77,yes,104,t(103)=0.64468,0.5,0.25,0.25,NA,300,4.77,NA,2.8797384765934986e-6,0.27493822924492006,0.013414603039701548,301,NA,NA,NA,103,0.64468,NA,0.520567835597779,0.06321607500044225,0.03848075130835799,104,NA,NA,FALSE,FALSE,2.042915137057122e-7,2.042915137057122e-7,TRUE,0.32230260197283433,0.25
hernandez2021,no,pred_int,exact,done,2022-2023,social,2021,no,no,yes,yes,yes,between,1,1,199,"bci:b=.32[.19,.45]",yes,136,"bci:b=.457207[0.1531628,0.7612499]",1,0.75,1,NA,NA,NA,NA,NA,NA,NA,NA,0.32,0.0663265306122449,NA,NA,NA,NA,NA,NA,NA,NA,0.457207,0.15512426020408165,TRUE,NA,0.41605991648101237,NA,NA,NA,1
hopkins2016,NA,pred_int,very close,done,2019-2020,cognitive,2016,no,yes,yes,yes,yes,between,0,12,147,"bci:b=0.21[0.02,0.42]",yes,93,"bci:b=0.14[-0.18,0.47]",0,0,NA,NA,NA,NA,NA,NA,NA,NA,NA,0.21,0.1020408163265306,NA,NA,NA,NA,NA,NA,NA,NA,0.14,0.16581632653061223,TRUE,NA,0.7191980154641187,NA,NA,NA,0
huh2016,NA,stats,exact,done,2017-2018,other-psych,2016,no,yes,yes,yes,yes,within,0,10,101,"MSD2:m1=3.48(.81),m2=2.86(.90)",yes,55,"MSD2:m1=3.57(.72),m2=2.86(.87)",1,1,NA,100,NA,7.2414392302474395,NA,9.33412413230199e-11,0.724143923024744,0.0421999228774934,NA,0.6200000000000001,0.08561833915698203,54,NA,6.533773071005875,NA,2.3509275718249278e-8,0.8891338955056576,0.07991417349215514,NA,0.71,0.10866615541802026,TRUE,TRUE,0.5153330517592507,0.06789928440956605,TRUE,0.47049262851234275,1
jakesch2019,NA,pred_int,exact,done,2019-2020,non-psych,2019,no,yes,yes,yes,yes,mixed,0,10,108,bseb=-4.976(2.028),yes,110,bseb=-2.63845(1.747710),0.5,0.25,0.25,NA,NA,NA,NA,NA,NA,NA,NA,4.976,2.028,NA,NA,NA,NA,NA,NA,NA,NA,2.63845,1.74771,TRUE,NA,0.38258675885921556,NA,NA,NA,0.25
jara-ettinger2022,NA,pred_int,exact,done,2022-2023,cognitive,2022,no,no,yes,yes,yes,between,0,1,144,rawprop:99/144,yes,147,rawprop:91/147,0.5,0.75,0.5,NA,NA,NA,NA,NA,NA,NA,NA,0.6875,0.03862603378695657,NA,NA,NA,NA,NA,NA,NA,NA,0.6190476190476191,0.04005333726225781,TRUE,NA,0.21862698614205822,NA,NA,NA,0.5
jordan2017_1,no,stats,exact,done,2018-2019,other-psych,2017,no,yes,yes,yes,yes,between,0,4,451,"MSD2:m1=32.07(15.93),m2=36.15(15.37)",yes,338,"MSD2:m1=34.6(20.6),m2=36.1(15.8)",0,0.9,0.5,449,NA,-5.529458209641731,NA,5.460155454159075e-8,0.2606611597550196,0.008944505809539725,NA,4.079999999999998,0.7378661426332316,336,NA,-1.5,NA,0.13455342556918537,0.0817102066054265,0.011844196091514055,NA,1.5,1,FALSE,FALSE,0.03789132927975847,0,TRUE,0.3953100724469796,0.5
jordan2017_2,NA,stats,exact,done,2018-2019,other-psych,2017,no,yes,yes,yes,yes,between,0,4,457,"MSD2:m1=34.35(13.76),m2=46.62(14.01)",yes,300,"MSD2:m1=35.45(19.04),m2=51.97(17.23)",1,1,NA,455,NA,-18.86963510100201,NA,4.344215988761771e-59,0.8836516252661195,0.00960704616502785,NA,12.269999999999996,0.6502510480103793,298,NA,-15.732146239926584,NA,5.129860656313566e-41,0.9098135082426083,0.014712934366301205,NA,16.519999999999996,1.0500792293726535,FALSE,TRUE,5.795825441450297e-4,0.1365237331275928,TRUE,0.9011992434684803,1
kiyonaga2014,NA,stats,close,done,2014-2015,cognitive,2014,no,no,yes,yes,yes,within,0,216,35,"MSD2:m1=677(146),m2=761(186)",yes,32,"MSD2:m1=525(96),m2=610(109.1)",1,0.5,0.75,34,NA,-2.929417210131471,NA,0.006026290576565911,0.5023909068296628,0.117891380332359,NA,84,28.674645492449372,31,NA,-4.605534595719339,NA,6.631392046700431e-5,0.8271784320589326,0.13569100247599178,NA,85,18.456055042774864,TRUE,TRUE,0.9766054945753007,0.07078184207276794,TRUE,0.2400107748541047,0.75
korman2020,NA,exp,very close,done,2020-2021,cognitive,2020,no,yes,yes,yes,yes,within,0,44,51,NA,yes,24,NA,1,1,NA,NA,NA,NA,NA,NA,NA,NA,NA,NA,NA,NA,NA,NA,NA,NA,NA,NA,NA,NA,NA,NA,NA,NA,NA,NA,NA,1
kupor2015,NA,stats,very close,done,2015-2016,social,2015,no,no,yes,yes,yes,between,1,3,101,t(99)=2.29,yes,160,t(152.0000)=1.253,0,0,NA,NA,99,2.29,NA,0.02414349371872333,0.4557270331161751,0.04063211449857857,101,NA,NA,NA,152,1.253,NA,0.2121298335999196,0.20193923478476028,0.026106426800472256,154,NA,NA,FALSE,FALSE,1.481620921506277e-7,1.481620921506277e-7,TRUE,0.2388892308920636,0
levine2020,exp,pred_int,very close,done,2020-2021,cognitive,2020,no,no,yes,yes,yes,between,0,1,608,"prop231/304,134/304",yes,51,"prop:19/26,14/25",0.5,0,0.25,NA,NA,NA,NA,NA,NA,NA,NA,0.319078947368421,0.03756409072789969,NA,NA,NA,NA,NA,NA,NA,NA,0.17076923076923067,0.13199673103909365,TRUE,NA,0.27984067182986516,NA,NA,NA,0.25
lewis2015,NA,stats,close,done,2015-2016,social,2015,no,no,yes,yes,yes,between,1,1,122,"F(1,115)=7.497",yes,126,"F(1,93)=0.833",0.5,0,0.25,1,115,NA,7.497,0.007163871105479144,0.5062683994757052,0.03528336620644313,117,NA,NA,1,93,NA,0.833,0.3637664257425992,0.18727969513678283,0.04228986149584488,95,NA,NA,FALSE,FALSE,6.963268184279059e-9,6.963268184279059e-9,TRUE,0.14175081347998453,0.25
lin2018,exp,stats,very close,done,2019-2020,social,2018,no,yes,yes,yes,yes,within,0,360,82,t(81)=7.47,yes,19,t(18)=2.5782,1,1,NA,NA,81,7.47,NA,8.238065297711525e-11,0.8249234997791036,0.052929870612730516,82,NA,NA,NA,18,2.5782,NA,0.01894716984699441,0.5914796450650822,0.21973284659279776,19,NA,NA,TRUE,TRUE,0.3016714962383644,0.3016714962383644,TRUE,0.44925413085433563,1
luttrell2019,NA,exp,very close,cannot tell direction in rep,2022-2023,social,2019,no,yes,yes,yes,yes,between,1,1,415,t(410)=-3.34,NA,46,t(41)=-0.029,0,0,NA,NA,410,3.34,NA,9.144932874504544e-4,0.3290999789068739,0.009840178150626825,412,NA,NA,NA,41,0.029,NA,0.9770052956387344,NA,0.09302416549486209,43,NA,NA,NA,NA,NA,NA,NA,NA,0
minson2020,NA,pred_int,close,done,2020-2021,non-psych,2020,no,yes,yes,yes,yes,between,1,1,327,bse:b=-.27(.08),no,79,bseb=.06(.13),0,0,NA,NA,NA,NA,NA,NA,NA,NA,NA,0.27,0.08,NA,NA,NA,NA,NA,NA,NA,NA,-0.06,0.13,FALSE,NA,0.03062574000295215,NA,NA,NA,0
nekmat2019,NA,stats,far,done,2017-2018,social,2019,no,no,yes,no,no,between,1,1,208,"MSD2:m1=5.44(1.21),m2=4.02(1.41)",yes,58,"MSD2:m1=2.48(1.17),m2=2.32(1.20)",0,0,NA,206,NA,15.550363336453557,NA,1.3861509885698584e-36,1.0808249664917438,0.02203890050046125,NA,1.4200000000000008,0.09131619430854074,56,NA,1.019305269225137,NA,0.31244160166966684,0.13501028108155896,0.06912265324135967,NA,0.16000000000000014,0.15696965848281166,FALSE,FALSE,3.966382777775834e-12,0,FALSE,2.071996928587616e-5,0
oh2019,NA,exp,exact,done,2020-2021,social,2019,no,yes,yes,yes,yes,within,0,200,30,NA,yes,27,"F(1,11)=16.879",1,0.75,1,NA,NA,NA,NA,NA,NA,NA,NA,NA,NA,1,11,NA,16.879,0.0017344700393606448,1.238731022237897,0.3667097902097902,13,NA,NA,NA,NA,NA,NA,NA,NA,1
okan2018,NA,stats,very close,done,2020-2021,cognitive,2018,no,no,yes,yes,yes,between,1,1,611,"MSD4:m1=2.62(1.62),m2=5.26(1.82),m3=2.72(1.67),m4=4.41(2.21)",yes,81,"MSD4:m1=3.26(1.91),m2=5.40(1.59),m3=3.67(2.00),m4=4.67(2.06)",0.25,0.75,0.75,609,NA,-12.863346369770218,NA,1.1397905096282773e-33,0.5208216708566404,0.00676862128709812,NA,0.9499999999999993,0.07385325503109884,79,NA,-5.422867966032865,NA,6.209940702940164e-7,0.6062950702527754,0.05165181303835072,NA,1.1400000000000006,0.21022086599574266,TRUE,TRUE,0.3938144446344449,0.10084483030441582,TRUE,0.692811146724464,0.75
okeefe2018,NA,stats,close,done,2020-2021,social,2018,yes,yes,yes,yes,yes,within,1,2,141,"F(1,137)=7.46",yes,74,"F(1,70)=2.4602",0,0,NA,1,137,NA,7.46,0.007139109969744878,0.23335071190061868,0.028972850916347215,139,NA,NA,1,70,NA,2.4602,0.12127360757161529,0.1874719026566762,0.05579962301587301,72,NA,NA,TRUE,TRUE,0.4655704329020314,0.4655704329020314,TRUE,0.8342206171886943,0
peer2022,exp,stats,exact,done,2021-2022,other-psych,2022,no,no,yes,yes,yes,between,0,7,500,"MSD2:m1=5.87(1.0),m2=4.55(1.9)",yes,235,"MSD2:m1=6.26(1.41),m2=4.57(2.47)",1,0.5,0.75,498,NA,19.421766977748472,NA,5.747762602062024e-63,0.8694376969591954,0.00875592190889371,NA,1.3200000000000003,0.06796497978337011,233,NA,12.854707926894749,NA,6.107728450633662e-29,0.8403385456509254,0.01852376355597173,NA,1.6899999999999995,0.13146934256391501,FALSE,TRUE,0.012418183364391266,0.15553835275486216,TRUE,0.8903095439300959,0.75
petersen2017,NA,pred_int,exact,done,2018-2019,social,2017,no,yes,yes,yes,yes,between,0,8,600,"bci:b=.34[.10,.61]",yes,224,bseb=0.3661(0.2423),0,0,NA,NA,NA,NA,NA,NA,NA,NA,NA,0.34,0.13010204081632654,NA,NA,NA,NA,NA,NA,NA,NA,0.3661,0.2423,TRUE,NA,0.9243924334507949,NA,NA,NA,0
pilditch2019,NA,stats,exact,done,2019-2020,cognitive,2019,no,yes,yes,yes,yes,between,0,4,193,"MSD2:m1=2.928737(1.319933),m2=2.06(1.509039)",yes,58,"MSD2:m1=3.166667(1.163531),m2=1.821429(1.685270)",0.5,0.5,NA,191,NA,8.491259971467766,NA,5.663475824208526e-15,0.6128039037857511,0.021698260685220353,NA,0.8687369999999999,0.1023095515764586,56,NA,7.0135916893281385,NA,3.286441681730732e-9,0.9289729131757601,0.07640509201219188,NA,1.345238,0.19180443624154944,FALSE,FALSE,0.02838171797399669,6.872591274031947e-5,TRUE,0.15906912570455,0.5
porter_2016_1,NA,exp,close,done,2016-2017,social,2016,no,yes,yes,yes,yes,between,1,1,145,NA,NA,168,NA,0,0,NA,NA,NA,NA,NA,NA,NA,NA,NA,NA,NA,NA,NA,NA,NA,NA,NA,NA,NA,NA,NA,NA,NA,NA,NA,NA,NA,0
porter_2016_2,NA,stats,close,done,2016-2017,social,2016,no,yes,yes,yes,yes,between,1,1,88,t(86)=2.89,yes,119,t(117)=3.93,1,1,NA,NA,86,2.89,NA,0.004875186430440852,0.6161500702677142,0.04761159607438017,88,NA,NA,NA,117,3.93,NA,1.4424108203613126e-4,0.7205250186641742,0.03579477438034037,119,NA,NA,TRUE,TRUE,0.07973052007866555,0.07973052007866555,TRUE,0.6325362510557353,1
porter_2016_3,NA,stats,exact,done,2018-2019,social,2016,no,yes,yes,yes,yes,between,1,1,118,"MSD2:m1=4.90(0.99),m2=4.33(.90)",yes,78,"MSD2:m1=5.45(0.89),m2=4.83(1.28)",0.5,1,1,116,NA,6.51694623541534,NA,1.9351246473591056e-9,0.6024918925956928,0.03543642576543873,NA,0.5700000000000003,0.0874642784226795,76,NA,4.935194090589316,NA,4.611889016594522e-6,0.562417563503757,0.05330970202395835,NA,0.6200000000000001,0.12562829113088952,TRUE,TRUE,0.7439449503987339,0.5312925121050431,TRUE,0.8551605438627281,1
porter_2016_4,NA,stats,exact,done,2018-2019,social,2016,no,yes,yes,yes,yes,between,1,1,88,t(86)=2.89,yes,87,t(82.92)=0.65,0,0,NA,NA,86,2.89,NA,0.004875186430440852,0.6161500702677142,0.04761159607438017,88,NA,NA,NA,82.92,0.65,NA,0.5174889924381422,0.14107119965671933,0.04722033139055926,84.92,NA,NA,FALSE,FALSE,1.3933298959045715e-12,1.3933298959045715e-12,FALSE,0.031155857953215627,0
porter_2016_5,NA,stats,very close,done,2018-2019,social,2016,no,yes,yes,yes,yes,between,1,1,145,"F(1,121)=8.67",yes,126,"F(1,112)=3.9020",0,0,NA,1,121,NA,8.67,0.0038799995605215557,0.5309907904212606,0.033666468372000796,123,NA,NA,1,112,NA,3.902,0.050688650449344515,0.3700165951707496,0.03568821175746383,114,NA,NA,FALSE,FALSE,0.0010342641670972874,0.0010342641670972874,TRUE,0.45539977031536116,0
rogers2017,NA,pred_int,very close,done,2019-2020,social,2017,no,no,yes,yes,yes,between,1,1,155,bseb=.04(.34),yes,152,bseb=0.04378(0.35011),1,1,NA,NA,NA,NA,NA,NA,NA,NA,NA,0.04,0.34,NA,NA,NA,NA,NA,NA,NA,NA,0.04378,0.35011,TRUE,NA,0.9938201547834005,NA,NA,NA,1
rottman2019,NA,stats,exact,done,2019-2020,other-psych,2019,no,yes,yes,yes,yes,within,0,16,177,"MSD2:m1=14.605(20.395),m2=4.185(16.060)",yes,157,"MSD2:m1=11.5(17.9),m2=4.48(17.3)",0.5,0.75,0.5,176,NA,7.530917464349177,NA,2.5262505783261142e-12,0.5676642626450207,0.023509160212102583,NA,10.420000000000002,1.3836295576637951,156,NA,4.981081653541206,NA,1.660629569984214e-6,0.39880570456697195,0.025984222898073756,NA,7.02,1.4093324479050175,TRUE,FALSE,0.08515763797296172,1.4434661013140726e-6,TRUE,0.4277062466486701,0.5
rychlowska2017,exp,pred_int,very close,done,2017-2018,other-psych,2017,no,no,yes,yes,yes,within,0,75,73,rawprop:756/1095,yes,51,rawprop:555/764,1,1,NA,NA,NA,NA,NA,NA,NA,NA,NA,0.6904109589041096,0.013971388465114016,NA,NA,NA,NA,NA,NA,NA,NA,0.7264397905759162,0.01612796590865384,TRUE,NA,0.09131897838216885,NA,NA,NA,1
scopelliti2015_1,exp,stats,close,done,2015-2016,other-psych,2015,no,no,yes,yes,yes,between,1,1,550,"MSD4:m1=5.28(1.20),m2=4.85(1.36),m3=4.31(1.57),m4=4.52(1.51)",no,124,"MSD4:m1=5.25(.886),m2=5(1.25),m3=4.5(1.37),m4=4.32(1.38)",0,0,NA,548,NA,10.83624766193619,NA,6.3424855302444595e-25,0.4624797802714829,0.007467170497418144,NA,0.6400000000000006,0.05906103477572671,122,NA,0.6436379394284701,NA,0.5210183272140112,-0.05803487857025676,0.032271645351333325,NA,-0.07000000000000028,0.10875679588148275,FALSE,FALSE,9.638835285485925e-9,0,FALSE,0.014350405985981585,0
scopelliti2015_2,NA,exp,exact,done,2017-2018,other-psych,2015,no,yes,yes,yes,yes,between,1,1,151,NA,yes,50,NA,1,1,NA,NA,NA,NA,NA,NA,NA,NA,NA,NA,NA,NA,NA,NA,NA,NA,NA,NA,NA,NA,NA,NA,NA,NA,NA,NA,NA,1
shah2015,NA,stats,exact,done,2015-2016,non-psych,2015,no,yes,yes,yes,yes,between,1,1,577,"F(1,574)=5.68",yes,387,t(383)=3.065,1,1,NA,1,574,NA,5.68,0.017483629021678906,0.19860625479688307,0.006978684413580246,576,NA,NA,NA,383,3.065,NA,0.0023309284709522276,0.31241372835126446,0.01051636667228875,385,NA,NA,FALSE,FALSE,0,0,TRUE,0.5885322531562422,1
sharif2016,NA,exp,exact,done,2017-2018,cognitive,2016,no,yes,yes,yes,yes,between,1,1,90,NA,yes,90,NA,1,1,NA,NA,NA,NA,NA,NA,NA,NA,NA,NA,NA,NA,NA,NA,NA,NA,NA,NA,NA,NA,NA,NA,NA,NA,NA,NA,NA,1
sloman2016_1,exp,stats,very close,done,2016-2017,cognitive,2016,no,yes,yes,yes,yes,within,0,6,106,"MSD2:m1=1.93(1.35),m2=1.77(1.22)",yes,158,"MSD2:m1=2.37(1.75),m2=2.18(1.70)",1,1,NA,105,NA,1.2742557385924413,NA,0.20538583982268319,0.12435462682474505,0.037808792798173216,NA,0.15999999999999992,0.12556349181267012,157,NA,1.3799670698309154,NA,0.1695587545262234,0.11013336194292689,0.025354839738648265,NA,0.18999999999999995,0.13768444490728338,TRUE,TRUE,0.8720976262473479,0.7547402301383677,TRUE,0.9472320486469326,1
sloman2016_2,NA,stats,very close,done,2017-2018,cognitive,2016,no,yes,yes,yes,yes,within,0,4,70,"MSD2:m1=2.42(1.81),m2=1.79(1.03)",yes,61,"MSD2:m1=2.085938(1.328236),m2=1.828125(1.255598)",1,1,NA,69,NA,3.5537377984774583,NA,6.904143450606855e-4,0.42781975651285215,0.05845021245759083,NA,0.6299999999999999,0.177278132413121,60,NA,1.5451629226441155,NA,0.1275653815223813,0.1994796755525946,0.06589993558162761,NA,0.25781300000000007,0.1668516608972373,TRUE,FALSE,0.12631053552551075,0.009535709332314735,TRUE,0.3160077375958066,1
stavrova2020,NA,stats,close,done,2020-2021,social,2020,no,yes,yes,yes,yes,between,1,1,223,"MSD2:m1=3.90(1.29),m2=3.40(1.22)",yes,194,"MSD2:m1=4.52657(1.464162),m2=4.30839(1.526361)",0,0,NA,221,NA,5.933814175896326,NA,1.1329169624871747e-8,0.3982515314667635,0.018292834713712156,NA,0.5,0.08426283418699626,192,NA,2.026667607322391,NA,0.04407951279029709,0.1458827265282827,0.02067340662345187,NA,0.21818000000000026,0.10765455529644405,FALSE,FALSE,0.03926125604452069,0,TRUE,0.23345496267562194,0
tworek2016_1,NA,pred_int,exact,done,2016-2017,cognitive,2016,no,yes,yes,yes,yes,mixed,0,12,112,bse:b=2.44(.85),yes,136,bseb=3.736(.625),1,1,NA,NA,NA,NA,NA,NA,NA,NA,NA,2.44,0.85,NA,NA,NA,NA,NA,NA,NA,NA,3.736,0.625,TRUE,NA,0.21930403766708984,NA,NA,NA,1
vankoningsbruggen2017,NA,stats,very close,done,2020-2021,other-psych,2017,no,yes,yes,yes,yes,between,0,60,128,"F(1,126)=8.91",yes,56,"F(1,59)=0.9364",0,0,NA,1,126,NA,8.91,0.003407775105275624,0.5276717729801358,0.032337646484375,128,NA,NA,1,59,NA,0.9364,0.33715549846412074,0.24779684963397858,0.06607707605482398,61,NA,NA,FALSE,FALSE,1.4213424733133806e-4,1.4213424733133806e-4,TRUE,0.2084666245515423,0
wilkins2014,NA,stats,exact,done,2018-2019,social,2014,no,no,yes,yes,yes,between,1,1,168,t(156)=2.66,yes,37,t(32)=-0.406,0,0.25,0,NA,156,2.66,NA,0.008630335934054949,0.4232364751814884,0.025883319980772312,158,NA,NA,NA,32,0.406,NA,0.687444834440912,0.13925685113571717,0.11793224221453287,34,NA,NA,FALSE,FALSE,0.018672371146261968,0.018672371146261968,TRUE,0.24106481059323137,0
yang2018,NA,stats,exact,done,2019-2020,other-psych,2018,no,yes,yes,no,no,mixed,0,2,48,"d:1.40;bci:b=1.72[1.44,2.00]",yes,17,"d:.64;bcib=1.15[0.65,1.64]",1,1,NA,NA,NA,NA,NA,5.760954574266954e-16,1.4,0.10375,NA,1.72,0.14285714285714288,NA,NA,NA,NA,3.254853668646976e-4,0.64,0.24734117647058823,NA,1.15,0.25255102040816324,FALSE,FALSE,0.04947627620354855,0.004604133931049859,FALSE,0.025678766481512794,1
yousif2019,exp,stats,exact,done,2019-2020,cognitive,2019,no,yes,yes,yes,yes,between,1,1,240,t(94)=2.77,yes,160,t(48.733)=.72116,0,0,NA,NA,94,2.77,NA,0.006755196631587819,0.5654238822924503,0.04333179253472222,96,NA,NA,NA,48.733,0.72116,NA,0.4742567391363901,0.20249595560296682,0.07924826653298207,50.733,NA,NA,FALSE,FALSE,5.86471790897658e-5,5.86471790897658e-5,TRUE,0.11237418145202582,0
zaval2015,NA,stats,close,done,2015-2016,social,2015,no,yes,yes,yes,yes,between,1,1,312,"F(1,309)=10.07",yes,321,t(318)=1.761212,0.5,0.5,NA,1,309,NA,10.07,0.0016587120101166607,0.3598856552954839,0.01306996412361328,311,NA,NA,NA,318,1.761212,NA,0.0791635471444569,0.19690948773941797,0.012560583353690313,320,NA,NA,FALSE,FALSE,0,0,TRUE,0.4394029942354982,0.5
